,start_station_and_time,end_station_and_time,inspector_id
0,source_1,RDRM@Mon11:51:00,1
1,RDRM@Mon11:51:00,RK@Mon11:58:00,1
2,RK@Mon11:58:00,RK@Mon12:00:00,1
3,RK@Mon12:00:00,RGN@Mon12:08:00,1
4,RGN@Mon12:08:00,RSAB@Mon12:11:00,1
5,RSAB@Mon12:11:00,RP@Mon12:19:00,1
6,RP@Mon12:19:00,RM@Mon12:23:00,1
7,RM@Mon12:23:00,RM@Mon12:27:00,1
8,RM@Mon12:27:00,RM@Mon12:30:00,1
9,RM@Mon12:30:00,RP@Mon12:34:00,1
10,RP@Mon12:34:00,RSAB@Mon12:41:00,1
11,RSAB@Mon12:41:00,RROL@Mon12:45:00,1
12,RROL@Mon12:45:00,TV@Mon12:54:00,1
13,TV@Mon12:54:00,TV@Mon13:05:00,1
14,TV@Mon13:05:00,RROL@Mon13:13:00,1
15,RROL@Mon13:13:00,RSAB@Mon13:17:00,1
16,RSAB@Mon13:17:00,RP@Mon13:24:00,1
17,RP@Mon13:24:00,RM@Mon13:29:00,1
18,RM@Mon13:29:00,RM@Mon13:32:00,1
19,RM@Mon13:32:00,FLP@Mon13:40:00,1
20,FLP@Mon13:40:00,FGE@Mon13:50:00,1
21,FGE@Mon13:50:00,FMST@Mon14:06:00,1
22,FMST@Mon14:06:00,FF@Mon14:08:00,1
23,FF@Mon14:08:00,FF@Mon14:13:00,1
24,FF@Mon14:13:00,FMST@Mon14:15:00,1
25,FMST@Mon14:15:00,FFS@Mon14:17:00,1
26,FFS@Mon14:17:00,FO@Mon14:20:00,1
27,FO@Mon14:20:00,FHN@Mon14:27:00,1
28,FHN@Mon14:27:00,FHN@Mon14:29:00,1
29,FHN@Mon14:29:00,FO@Mon14:37:00,1
30,FO@Mon14:37:00,FFS@Mon14:40:00,1
31,FFS@Mon14:40:00,FMST@Mon14:42:00,1
32,FMST@Mon14:42:00,FF@Mon14:44:00,1
33,FF@Mon14:44:00,FF@Mon14:50:00,1
34,FF@Mon14:50:00,FMST@Mon14:52:00,1
35,FMST@Mon14:52:00,FGE@Mon15:08:00,1
36,FGE@Mon15:08:00,FLP@Mon15:19:00,1
37,FLP@Mon15:19:00,FLP@Mon15:24:00,1
38,FLP@Mon15:24:00,FGE@Mon15:34:00,1
39,FGE@Mon15:34:00,FMST@Mon15:51:00,1
40,FMST@Mon15:51:00,FMST@Mon15:52:00,1
41,FMST@Mon15:52:00,FGE@Mon16:08:00,1
42,FGE@Mon16:08:00,FLP@Mon16:19:00,1
43,FLP@Mon16:19:00,RM@Mon16:27:00,1
44,RM@Mon16:27:00,RM@Mon16:30:00,1
45,RM@Mon16:30:00,RP@Mon16:34:00,1
46,RP@Mon16:34:00,RSAB@Mon16:41:00,1
47,RSAB@Mon16:41:00,RROL@Mon16:45:00,1
48,RROL@Mon16:45:00,TV@Mon16:54:00,1
49,TV@Mon16:54:00,TV@Mon17:05:00,1
50,TV@Mon17:05:00,RROL@Mon17:13:00,1
51,RROL@Mon17:13:00,RSAB@Mon17:17:00,1
52,RSAB@Mon17:17:00,RP@Mon17:24:00,1
53,RP@Mon17:24:00,RM@Mon17:29:00,1
54,RM@Mon17:29:00,RM@Mon17:32:00,1
55,RM@Mon17:32:00,RM@Mon17:36:00,1
56,RM@Mon17:36:00,RP@Mon17:40:00,1
57,RP@Mon17:40:00,RSAB@Mon17:48:00,1
58,RSAB@Mon17:48:00,RGN@Mon17:50:00,1
59,RGN@Mon17:50:00,RK@Mon17:58:00,1
60,RK@Mon17:58:00,RK@Mon17:59:00,1
61,RK@Mon17:59:00,RK@Mon18:00:00,1
62,RK@Mon18:00:00,RDRM@Mon18:07:00,1
63,RDRM@Mon18:07:00,RBB@Mon18:14:00,1
64,RBB@Mon18:14:00,RBB@Mon18:32:00,1
65,RBB@Mon18:32:00,RBB@Mon18:34:00,1
66,RBB@Mon18:34:00,RDRM@Mon18:44:00,1
67,RDRM@Mon18:44:00,sink_1,1
68,source_2,HH@Mon11:26:00,2
69,HH@Mon11:26:00,HWU@Mon11:32:00,2
70,HWU@Mon11:32:00,HHML@Mon11:32:00,2
71,HHML@Mon11:32:00,HSOR@Mon11:39:00,2
72,HSOR@Mon11:39:00,HAL@Mon11:43:00,2
73,HAL@Mon11:43:00,HORX@Mon11:49:00,2
74,HORX@Mon11:49:00,HG@Mon12:00:00,2
75,HG@Mon12:00:00,HG@Mon12:01:00,2
76,HG@Mon12:01:00,HG@Mon12:02:00,2
77,HG@Mon12:02:00,HG@Mon12:03:00,2
78,HG@Mon12:03:00,HORX@Mon12:15:00,2
79,HORX@Mon12:15:00,HAL@Mon12:21:00,2
80,HAL@Mon12:21:00,HSOR@Mon12:25:00,2
81,HSOR@Mon12:25:00,HHI@Mon12:32:00,2
82,HHI@Mon12:32:00,HHI@Mon12:34:00,2
83,HHI@Mon12:34:00,HGGL@Mon12:52:00,2
84,HGGL@Mon12:52:00,HBS@Mon12:57:00,2
85,HBS@Mon12:57:00,HBS@Mon12:58:00,2
86,HBS@Mon12:58:00,HGGL@Mon13:03:00,2
87,HGGL@Mon13:03:00,HHI@Mon13:23:00,2
88,HHI@Mon13:23:00,HHI@Mon13:25:00,2
89,HHI@Mon13:25:00,HSOR@Mon13:32:00,2
90,HSOR@Mon13:32:00,HAL@Mon13:37:00,2
91,HAL@Mon13:37:00,HORX@Mon13:42:00,2
92,HORX@Mon13:42:00,HG@Mon13:53:00,2
93,HG@Mon13:53:00,HG@Mon13:54:00,2
94,HG@Mon13:54:00,HG@Mon13:55:00,2
95,HG@Mon13:55:00,HG@Mon13:56:00,2
96,HG@Mon13:56:00,HORX@Mon14:09:00,2
97,HORX@Mon14:09:00,HAL@Mon14:14:00,2
98,HAL@Mon14:14:00,HSOR@Mon14:18:00,2
99,HSOR@Mon14:18:00,HHML@Mon14:25:00,2
100,HHML@Mon14:25:00,HWU@Mon14:25:00,2
101,HWU@Mon14:25:00,HH@Mon14:32:00,2
102,HH@Mon14:32:00,HH@Mon14:36:00,2
103,HH@Mon14:36:00,HC@Mon14:54:00,2
104,HC@Mon14:54:00,HC@Mon15:03:00,2
105,HC@Mon15:03:00,HC@Mon15:05:00,2
106,HC@Mon15:05:00,HH@Mon15:23:00,2
107,HH@Mon15:23:00,HH@Mon15:26:00,2
108,HH@Mon15:26:00,HWU@Mon15:31:00,2
109,HWU@Mon15:31:00,HHML@Mon15:32:00,2
110,HHML@Mon15:32:00,HSOR@Mon15:39:00,2
111,HSOR@Mon15:39:00,HAL@Mon15:43:00,2
112,HAL@Mon15:43:00,HORX@Mon15:48:00,2
113,HORX@Mon15:48:00,HG@Mon16:00:00,2
114,HG@Mon16:00:00,HG@Mon16:01:00,2
115,HG@Mon16:01:00,HG@Mon16:02:00,2
116,HG@Mon16:02:00,HJD@Mon16:09:00,2
117,HJD@Mon16:09:00,FKW@Mon16:21:00,2
118,FKW@Mon16:21:00,FKW@Mon16:22:00,2
119,FKW@Mon16:22:00,HJD@Mon16:36:00,2
120,HJD@Mon16:36:00,HG@Mon16:41:00,2
121,HG@Mon16:41:00,HG@Mon16:43:00,2
122,HG@Mon16:43:00,HORX@Mon16:56:00,2
123,HORX@Mon16:56:00,HAL@Mon17:01:00,2
124,HAL@Mon17:01:00,HSOR@Mon17:05:00,2
125,HSOR@Mon17:05:00,HHML@Mon17:12:00,2
126,HHML@Mon17:12:00,HWU@Mon17:12:00,2
127,HWU@Mon17:12:00,HH@Mon17:17:00,2
128,HH@Mon17:17:00,sink_2,2
129,source_3,FFU@Mon13:51:00,3
130,FFU@Mon13:51:00,FKHM@Mon14:04:00,3
131,FKHM@Mon14:04:00,FKW@Mon14:20:00,3
132,FKW@Mon14:20:00,FKW@Mon14:21:00,3
133,FKW@Mon14:21:00,FKW@Mon14:22:00,3
134,FKW@Mon14:22:00,HJD@Mon14:36:00,3
135,HJD@Mon14:36:00,HG@Mon14:41:00,3
136,HG@Mon14:41:00,HG@Mon14:43:00,3
137,HG@Mon14:43:00,HORX@Mon14:56:00,3
138,HORX@Mon14:56:00,HORX@Mon15:03:00,3
139,HORX@Mon15:03:00,HG@Mon15:15:00,3
140,HG@Mon15:15:00,HG@Mon15:17:00,3
141,HG@Mon15:17:00,HJD@Mon15:24:00,3
142,HJD@Mon15:24:00,FKW@Mon15:36:00,3
143,FKW@Mon15:36:00,HJD@Mon15:50:00,3
144,HJD@Mon15:50:00,HG@Mon15:54:00,3
145,HG@Mon15:54:00,HG@Mon15:55:00,3
146,HG@Mon15:55:00,HJD@Mon16:02:00,3
147,HJD@Mon16:02:00,FKW@Mon16:14:00,3
148,FKW@Mon16:14:00,FKW@Mon16:16:00,3
149,FKW@Mon16:16:00,FKHM@Mon16:33:00,3
150,FKHM@Mon16:33:00,FFU@Mon16:45:00,3
151,FFU@Mon16:45:00,FFU@Mon16:47:00,3
152,FFU@Mon16:47:00,FFD@Mon16:57:00,3
153,FFD@Mon16:57:00,FSA@Mon17:06:00,3
154,FSA@Mon17:06:00,FHME@Mon17:19:00,3
155,FHME@Mon17:19:00,FWFG@Mon17:25:00,3
156,FWFG@Mon17:25:00,FHN@Mon17:27:00,3
157,FHN@Mon17:27:00,FHN@Mon17:29:00,3
158,FHN@Mon17:29:00,FWFG@Mon17:31:00,3
159,FWFG@Mon17:31:00,FHME@Mon17:38:00,3
160,FHME@Mon17:38:00,FSA@Mon17:50:00,3
161,FSA@Mon17:50:00,FFD@Mon17:59:00,3
162,FFD@Mon17:59:00,FFU@Mon18:09:00,3
163,FFU@Mon18:09:00,FFU@Mon18:11:00,3
164,FFU@Mon18:11:00,FKHM@Mon18:25:00,3
165,FKHM@Mon18:25:00,FKW@Mon18:41:00,3
166,FKW@Mon18:41:00,FKW@Mon18:43:00,3
167,FKW@Mon18:43:00,HJD@Mon18:57:00,3
168,HJD@Mon18:57:00,HG@Mon19:01:00,3
169,HG@Mon19:01:00,HG@Mon19:03:00,3
170,HG@Mon19:03:00,HORX@Mon19:15:00,3
171,HORX@Mon19:15:00,HAL@Mon19:21:00,3
172,HAL@Mon19:21:00,HSOR@Mon19:25:00,3
173,HSOR@Mon19:25:00,HHI@Mon19:32:00,3
174,HHI@Mon19:32:00,HHI@Mon19:34:00,3
175,HHI@Mon19:34:00,HGGL@Mon19:52:00,3
176,HGGL@Mon19:52:00,HBS@Mon19:57:00,3
177,HBS@Mon19:57:00,HBS@Mon19:58:00,3
178,HBS@Mon19:58:00,HGGL@Mon20:03:00,3
179,HGGL@Mon20:03:00,HHI@Mon20:23:00,3
180,HHI@Mon20:23:00,HHI@Mon20:25:00,3
181,HHI@Mon20:25:00,HSOR@Mon20:32:00,3
182,HSOR@Mon20:32:00,HAL@Mon20:37:00,3
183,HAL@Mon20:37:00,HORX@Mon20:42:00,3
184,HORX@Mon20:42:00,HG@Mon20:53:00,3
185,HG@Mon20:53:00,HG@Mon20:54:00,3
186,HG@Mon20:54:00,HG@Mon20:55:00,3
187,HG@Mon20:55:00,HJD@Mon21:02:00,3
188,HJD@Mon21:02:00,FKW@Mon21:14:00,3
189,FKW@Mon21:14:00,FKW@Mon21:16:00,3
190,FKW@Mon21:16:00,FKHM@Mon21:33:00,3
191,FKHM@Mon21:33:00,FFU@Mon21:45:00,3
192,FFU@Mon21:45:00,FFU@Mon21:47:00,3
193,FFU@Mon21:47:00,sink_3,3
194,source_4,HB@Mon13:18:00,4
195,HB@Mon13:18:00,AROG@Mon13:36:00,4
196,AROG@Mon13:36:00,ABLZ@Mon13:51:00,4
197,ABLZ@Mon13:51:00,AHAR@Mon14:01:00,4
198,AHAR@Mon14:01:00,AHAR@Mon14:03:00,4
199,AHAR@Mon14:03:00,AHAR@Mon14:05:00,4
200,AHAR@Mon14:05:00,AMD@Mon14:08:00,4
201,AMD@Mon14:08:00,ALBG@Mon14:24:00,4
202,ALBG@Mon14:24:00,ALBG@Mon14:26:00,4
203,ALBG@Mon14:26:00,HU@Mon14:40:00,4
204,HU@Mon14:40:00,HU@Mon14:42:00,4
205,HU@Mon14:42:00,HU@Mon14:58:00,4
206,HU@Mon14:58:00,ALBG@Mon15:10:00,4
207,ALBG@Mon15:10:00,AMD@Mon15:25:00,4
208,AMD@Mon15:25:00,AHAR@Mon15:27:00,4
209,AHAR@Mon15:27:00,AH@Mon15:35:00,4
210,AH@Mon15:35:00,AH@Mon15:38:00,4
211,AH@Mon15:38:00,AH@Mon15:43:00,4
212,AH@Mon15:43:00,AH@Mon15:46:00,4
213,AH@Mon15:46:00,AHAR@Mon15:55:00,4
214,AHAR@Mon15:55:00,AHAR@Mon15:57:00,4
215,AHAR@Mon15:57:00,ABLZ@Mon16:07:00,4
216,ABLZ@Mon16:07:00,AROG@Mon16:22:00,4
217,AROG@Mon16:22:00,HB@Mon16:41:00,4
218,HB@Mon16:41:00,HB@Mon16:44:00,4
219,HB@Mon16:44:00,HGA@Mon16:50:00,4
220,HGA@Mon16:50:00,HOO@Mon17:35:00,4
221,HOO@Mon17:35:00,HOO@Mon17:37:00,4
222,HOO@Mon17:37:00,HOO@Mon18:22:00,4
223,HOO@Mon18:22:00,HOO@Mon18:24:00,4
224,HOO@Mon18:24:00,HGA@Mon19:09:00,4
225,HGA@Mon19:09:00,HB@Mon19:15:00,4
226,HB@Mon19:15:00,HB@Mon19:18:00,4
227,HB@Mon19:18:00,sink_4,4
228,source_5,RDRM@Mon07:52:00,5
229,RDRM@Mon07:52:00,RK@Mon07:58:00,5
230,RK@Mon07:58:00,RK@Mon08:00:00,5
231,RK@Mon08:00:00,RGN@Mon08:10:00,5
232,RGN@Mon08:10:00,RSAB@Mon08:12:00,5
233,RSAB@Mon08:12:00,RP@Mon08:19:00,5
234,RP@Mon08:19:00,RM@Mon08:23:00,5
235,RM@Mon08:23:00,RM@Mon08:27:00,5
236,RM@Mon08:27:00,RM@Mon08:30:00,5
237,RM@Mon08:30:00,RM@Mon08:32:00,5
238,RM@Mon08:32:00,FLP@Mon08:40:00,5
239,FLP@Mon08:40:00,FGE@Mon08:50:00,5
240,FGE@Mon08:50:00,FMST@Mon09:06:00,5
241,FMST@Mon09:06:00,FF@Mon09:08:00,5
242,FF@Mon09:08:00,FF@Mon09:13:00,5
243,FF@Mon09:13:00,FMST@Mon09:15:00,5
244,FMST@Mon09:15:00,FFS@Mon09:17:00,5
245,FFS@Mon09:17:00,FO@Mon09:20:00,5
246,FO@Mon09:20:00,FHN@Mon09:27:00,5
247,FHN@Mon09:27:00,FHN@Mon09:29:00,5
248,FHN@Mon09:29:00,FWFG@Mon09:31:00,5
249,FWFG@Mon09:31:00,FHME@Mon09:38:00,5
250,FHME@Mon09:38:00,FSA@Mon09:51:00,5
251,FSA@Mon09:51:00,FFD@Mon10:00:00,5
252,FFD@Mon10:00:00,FFU@Mon10:09:00,5
253,FFU@Mon10:09:00,FFU@Mon10:11:00,5
254,FFU@Mon10:11:00,FKHM@Mon10:25:00,5
255,FKHM@Mon10:25:00,FKW@Mon10:41:00,5
256,FKW@Mon10:41:00,FKW@Mon10:43:00,5
257,FKW@Mon10:43:00,HJD@Mon10:57:00,5
258,HJD@Mon10:57:00,HJD@Mon11:02:00,5
259,HJD@Mon11:02:00,FKW@Mon11:14:00,5
260,FKW@Mon11:14:00,FKW@Mon11:16:00,5
261,FKW@Mon11:16:00,FKHM@Mon11:33:00,5
262,FKHM@Mon11:33:00,FFU@Mon11:45:00,5
263,FFU@Mon11:45:00,FFU@Mon11:47:00,5
264,FFU@Mon11:47:00,FFD@Mon11:57:00,5
265,FFD@Mon11:57:00,FSA@Mon12:06:00,5
266,FSA@Mon12:06:00,FHME@Mon12:19:00,5
267,FHME@Mon12:19:00,FWFG@Mon12:25:00,5
268,FWFG@Mon12:25:00,FHN@Mon12:27:00,5
269,FHN@Mon12:27:00,FHN@Mon12:29:00,5
270,FHN@Mon12:29:00,FO@Mon12:37:00,5
271,FO@Mon12:37:00,FFS@Mon12:40:00,5
272,FFS@Mon12:40:00,FMST@Mon12:42:00,5
273,FMST@Mon12:42:00,FF@Mon12:44:00,5
274,FF@Mon12:44:00,FF@Mon12:50:00,5
275,FF@Mon12:50:00,FMST@Mon12:52:00,5
276,FMST@Mon12:52:00,FGE@Mon13:08:00,5
277,FGE@Mon13:08:00,FLP@Mon13:19:00,5
278,FLP@Mon13:19:00,RM@Mon13:27:00,5
279,RM@Mon13:27:00,RM@Mon13:29:00,5
280,RM@Mon13:29:00,RM@Mon13:32:00,5
281,RM@Mon13:32:00,RM@Mon13:36:00,5
282,RM@Mon13:36:00,RP@Mon13:40:00,5
283,RP@Mon13:40:00,RSAB@Mon13:48:00,5
284,RSAB@Mon13:48:00,RGN@Mon13:50:00,5
285,RGN@Mon13:50:00,RK@Mon13:58:00,5
286,RK@Mon13:58:00,RK@Mon14:00:00,5
287,RK@Mon14:00:00,RDRM@Mon14:07:00,5
288,RDRM@Mon14:07:00,RBB@Mon14:15:00,5
289,RBB@Mon14:15:00,RBB@Mon14:32:00,5
290,RBB@Mon14:32:00,RBB@Mon14:34:00,5
291,RBB@Mon14:34:00,RDRM@Mon14:43:00,5
292,RDRM@Mon14:43:00,sink_5,5
293,source_6,HH@Mon13:26:00,6
294,HH@Mon13:26:00,HWU@Mon13:32:00,6
295,HWU@Mon13:32:00,HHML@Mon13:32:00,6
296,HHML@Mon13:32:00,HSOR@Mon13:39:00,6
297,HSOR@Mon13:39:00,HAL@Mon13:43:00,6
298,HAL@Mon13:43:00,HORX@Mon13:49:00,6
299,HORX@Mon13:49:00,HG@Mon14:00:00,6
300,HG@Mon14:00:00,HG@Mon14:01:00,6
301,HG@Mon14:01:00,HG@Mon14:02:00,6
302,HG@Mon14:02:00,HG@Mon14:03:00,6
303,HG@Mon14:03:00,HORX@Mon14:15:00,6
304,HORX@Mon14:15:00,HAL@Mon14:21:00,6
305,HAL@Mon14:21:00,HSOR@Mon14:25:00,6
306,HSOR@Mon14:25:00,HHI@Mon14:32:00,6
307,HHI@Mon14:32:00,HHI@Mon14:34:00,6
308,HHI@Mon14:34:00,HGGL@Mon14:52:00,6
309,HGGL@Mon14:52:00,HBS@Mon14:57:00,6
310,HBS@Mon14:57:00,HBS@Mon14:58:00,6
311,HBS@Mon14:58:00,HGGL@Mon15:03:00,6
312,HGGL@Mon15:03:00,HHI@Mon15:23:00,6
313,HHI@Mon15:23:00,HHI@Mon15:25:00,6
314,HHI@Mon15:25:00,HSOR@Mon15:32:00,6
315,HSOR@Mon15:32:00,HAL@Mon15:37:00,6
316,HAL@Mon15:37:00,HORX@Mon15:42:00,6
317,HORX@Mon15:42:00,HG@Mon15:53:00,6
318,HG@Mon15:53:00,HG@Mon15:54:00,6
319,HG@Mon15:54:00,HG@Mon15:55:00,6
320,HG@Mon15:55:00,HG@Mon15:56:00,6
321,HG@Mon15:56:00,HORX@Mon16:10:00,6
322,HORX@Mon16:10:00,HORX@Mon16:15:00,6
323,HORX@Mon16:15:00,HAL@Mon16:21:00,6
324,HAL@Mon16:21:00,HSOR@Mon16:25:00,6
325,HSOR@Mon16:25:00,HSOR@Mon16:32:00,6
326,HSOR@Mon16:32:00,HAL@Mon16:37:00,6
327,HAL@Mon16:37:00,HORX@Mon16:42:00,6
328,HORX@Mon16:42:00,HG@Mon16:53:00,6
329,HG@Mon16:53:00,HG@Mon16:55:00,6
330,HG@Mon16:55:00,HJD@Mon17:02:00,6
331,HJD@Mon17:02:00,FKW@Mon17:14:00,6
332,FKW@Mon17:14:00,FKW@Mon17:16:00,6
333,FKW@Mon17:16:00,FKHM@Mon17:33:00,6
334,FKHM@Mon17:33:00,FFU@Mon17:45:00,6
335,FFU@Mon17:45:00,FFU@Mon17:47:00,6
336,FFU@Mon17:47:00,FFD@Mon17:57:00,6
337,FFD@Mon17:57:00,FSA@Mon18:06:00,6
338,FSA@Mon18:06:00,FHME@Mon18:19:00,6
339,FHME@Mon18:19:00,FWFG@Mon18:25:00,6
340,FWFG@Mon18:25:00,FHN@Mon18:27:00,6
341,FHN@Mon18:27:00,FHN@Mon18:29:00,6
342,FHN@Mon18:29:00,FWFG@Mon18:30:00,6
343,FWFG@Mon18:30:00,FHME@Mon18:37:00,6
344,FHME@Mon18:37:00,FSA@Mon18:49:00,6
345,FSA@Mon18:49:00,FFD@Mon18:57:00,6
346,FFD@Mon18:57:00,FFU@Mon19:05:00,6
347,FFU@Mon19:05:00,FKHM@Mon19:17:00,6
348,FKHM@Mon19:17:00,FKW@Mon19:33:00,6
349,FKW@Mon19:33:00,HJD@Mon19:45:00,6
350,HJD@Mon19:45:00,HG@Mon19:49:00,6
351,HG@Mon19:49:00,HORX@Mon20:01:00,6
352,HORX@Mon20:01:00,HORX@Mon20:03:00,6
353,HORX@Mon20:03:00,HG@Mon20:15:00,6
354,HG@Mon20:15:00,HG@Mon20:17:00,6
355,HG@Mon20:17:00,HJD@Mon20:24:00,6
356,HJD@Mon20:24:00,HJD@Mon20:39:00,6
357,HJD@Mon20:39:00,HG@Mon20:44:00,6
358,HG@Mon20:44:00,HG@Mon20:46:00,6
359,HG@Mon20:46:00,HORX@Mon20:59:00,6
360,HORX@Mon20:59:00,HAL@Mon21:04:00,6
361,HAL@Mon21:04:00,HSOR@Mon21:08:00,6
362,HSOR@Mon21:08:00,HHML@Mon21:14:00,6
363,HHML@Mon21:14:00,HWU@Mon21:14:00,6
364,HWU@Mon21:14:00,HH@Mon21:19:00,6
365,HH@Mon21:19:00,sink_6,6
366,source_7,AK@Mon14:49:00,7
367,AK@Mon14:49:00,AN@Mon15:05:00,7
368,AN@Mon15:05:00,AN@Mon15:07:00,7
369,AN@Mon15:07:00,AEL@Mon15:29:00,7
370,AEL@Mon15:29:00,ADF@Mon15:53:00,7
371,ADF@Mon15:53:00,ADF@Mon15:55:00,7
372,ADF@Mon15:55:00,AH@Mon15:58:00,7
373,AH@Mon15:58:00,AH@Mon16:01:00,7
374,AH@Mon16:01:00,AHAR@Mon16:10:00,7
375,AHAR@Mon16:10:00,AHAR@Mon16:12:00,7
376,AHAR@Mon16:12:00,AMD@Mon16:15:00,7
377,AMD@Mon16:15:00,ALBG@Mon16:28:00,7
378,ALBG@Mon16:28:00,HU@Mon16:43:00,7
379,HU@Mon16:43:00,HC@Mon17:03:00,7
380,HC@Mon17:03:00,HH@Mon17:21:00,7
381,HH@Mon17:21:00,HH@Mon17:26:00,7
382,HH@Mon17:26:00,HWU@Mon17:32:00,7
383,HWU@Mon17:32:00,HHML@Mon17:32:00,7
384,HHML@Mon17:32:00,HSOR@Mon17:39:00,7
385,HSOR@Mon17:39:00,HAL@Mon17:43:00,7
386,HAL@Mon17:43:00,HORX@Mon17:49:00,7
387,HORX@Mon17:49:00,HG@Mon18:00:00,7
388,HG@Mon18:00:00,HG@Mon18:01:00,7
389,HG@Mon18:01:00,HG@Mon18:02:00,7
390,HG@Mon18:02:00,HJD@Mon18:09:00,7
391,HJD@Mon18:09:00,FKW@Mon18:21:00,7
392,FKW@Mon18:21:00,FKW@Mon18:22:00,7
393,FKW@Mon18:22:00,HJD@Mon18:36:00,7
394,HJD@Mon18:36:00,HG@Mon18:41:00,7
395,HG@Mon18:41:00,HG@Mon18:43:00,7
396,HG@Mon18:43:00,HORX@Mon18:56:00,7
397,HORX@Mon18:56:00,HAL@Mon19:01:00,7
398,HAL@Mon19:01:00,HSOR@Mon19:05:00,7
399,HSOR@Mon19:05:00,HHML@Mon19:12:00,7
400,HHML@Mon19:12:00,HWU@Mon19:12:00,7
401,HWU@Mon19:12:00,HH@Mon19:17:00,7
402,HH@Mon19:17:00,HH@Mon19:20:00,7
403,HH@Mon19:20:00,HC@Mon19:38:00,7
404,HC@Mon19:38:00,HU@Mon19:57:00,7
405,HU@Mon19:57:00,ALBG@Mon20:10:00,7
406,ALBG@Mon20:10:00,ALBG@Mon20:12:00,7
407,ALBG@Mon20:12:00,AMD@Mon20:28:00,7
408,AMD@Mon20:28:00,AHAR@Mon20:30:00,7
409,AHAR@Mon20:30:00,AH@Mon20:38:00,7
410,AH@Mon20:38:00,AH@Mon20:41:00,7
411,AH@Mon20:41:00,ADF@Mon20:44:00,7
412,ADF@Mon20:44:00,ADF@Mon20:46:00,7
413,ADF@Mon20:46:00,AEL@Mon21:07:00,7
414,AEL@Mon21:07:00,AN@Mon21:27:00,7
415,AN@Mon21:27:00,AN@Mon21:29:00,7
416,AN@Mon21:29:00,AK@Mon21:47:00,7
417,AK@Mon21:47:00,sink_7,7
418,source_8,AK@Mon11:11:00,8
419,AK@Mon11:11:00,AN@Mon11:28:00,8
420,AN@Mon11:28:00,AN@Mon11:30:00,8
421,AN@Mon11:30:00,AEL@Mon11:53:00,8
422,AEL@Mon11:53:00,ADF@Mon12:13:00,8
423,ADF@Mon12:13:00,ADF@Mon12:15:00,8
424,ADF@Mon12:15:00,AH@Mon12:19:00,8
425,AH@Mon12:19:00,AH@Mon12:24:00,8
426,AH@Mon12:24:00,AHAR@Mon12:33:00,8
427,AHAR@Mon12:33:00,AMD@Mon12:35:00,8
428,AMD@Mon12:35:00,ALBG@Mon12:49:00,8
429,ALBG@Mon12:49:00,ALBG@Mon13:10:00,8
430,ALBG@Mon13:10:00,AMD@Mon13:25:00,8
431,AMD@Mon13:25:00,AHAR@Mon13:27:00,8
432,AHAR@Mon13:27:00,AH@Mon13:35:00,8
433,AH@Mon13:35:00,AH@Mon13:38:00,8
434,AH@Mon13:38:00,ADF@Mon13:41:00,8
435,ADF@Mon13:41:00,ADF@Mon13:43:00,8
436,ADF@Mon13:43:00,ADF@Mon13:45:00,8
437,ADF@Mon13:45:00,ADF@Mon13:47:00,8
438,ADF@Mon13:47:00,AH@Mon13:50:00,8
439,AH@Mon13:50:00,AH@Mon13:53:00,8
440,AH@Mon13:53:00,AHAR@Mon14:03:00,8
441,AHAR@Mon14:03:00,AHAR@Mon14:05:00,8
442,AHAR@Mon14:05:00,AMD@Mon14:08:00,8
443,AMD@Mon14:08:00,ALBG@Mon14:24:00,8
444,ALBG@Mon14:24:00,ALBG@Mon14:26:00,8
445,ALBG@Mon14:26:00,HU@Mon14:40:00,8
446,HU@Mon14:40:00,HU@Mon14:42:00,8
447,HU@Mon14:42:00,HU@Mon14:58:00,8
448,HU@Mon14:58:00,ALBG@Mon15:10:00,8
449,ALBG@Mon15:10:00,AMD@Mon15:25:00,8
450,AMD@Mon15:25:00,AHAR@Mon15:27:00,8
451,AHAR@Mon15:27:00,AH@Mon15:35:00,8
452,AH@Mon15:35:00,AH@Mon15:38:00,8
453,AH@Mon15:38:00,ADF@Mon15:41:00,8
454,ADF@Mon15:41:00,ADF@Mon15:43:00,8
455,ADF@Mon15:43:00,AEL@Mon16:05:00,8
456,AEL@Mon16:05:00,AN@Mon16:25:00,8
457,AN@Mon16:25:00,AN@Mon16:27:00,8
458,AN@Mon16:27:00,AK@Mon16:45:00,8
459,AK@Mon16:45:00,sink_8,8
460,source_9,BL@Mon15:24:00,9
461,BL@Mon15:24:00,BSPD@Mon15:32:00,9
462,BSPD@Mon15:32:00,BSPD@Mon15:46:00,9
463,BSPD@Mon15:46:00,BSPD@Mon15:48:00,9
464,BSPD@Mon15:48:00,LRIK@Mon16:00:00,9
465,LRIK@Mon16:00:00,LOE@Mon16:37:00,9
466,LOE@Mon16:37:00,HWOB@Mon16:41:00,9
467,HWOB@Mon16:41:00,HBS@Mon16:56:00,9
468,HBS@Mon16:56:00,HBS@Mon16:57:00,9
469,HBS@Mon16:57:00,HBS@Mon16:58:00,9
470,HBS@Mon16:58:00,HGGL@Mon17:03:00,9
471,HGGL@Mon17:03:00,HHI@Mon17:23:00,9
472,HHI@Mon17:23:00,HHI@Mon17:25:00,9
473,HHI@Mon17:25:00,HSOR@Mon17:32:00,9
474,HSOR@Mon17:32:00,HAL@Mon17:37:00,9
475,HAL@Mon17:37:00,HORX@Mon17:42:00,9
476,HORX@Mon17:42:00,HG@Mon17:53:00,9
477,HG@Mon17:53:00,HG@Mon17:54:00,9
478,HG@Mon17:54:00,HG@Mon17:55:00,9
479,HG@Mon17:55:00,HG@Mon17:56:00,9
480,HG@Mon17:56:00,HORX@Mon18:10:00,9
481,HORX@Mon18:10:00,HORX@Mon18:15:00,9
482,HORX@Mon18:15:00,HAL@Mon18:21:00,9
483,HAL@Mon18:21:00,HSOR@Mon18:25:00,9
484,HSOR@Mon18:25:00,HHI@Mon18:32:00,9
485,HHI@Mon18:32:00,HHI@Mon18:34:00,9
486,HHI@Mon18:34:00,HGGL@Mon18:52:00,9
487,HGGL@Mon18:52:00,HBS@Mon18:57:00,9
488,HBS@Mon18:57:00,HBS@Mon18:59:00,9
489,HBS@Mon18:59:00,HWOB@Mon19:15:00,9
490,HWOB@Mon19:15:00,LOE@Mon19:19:00,9
491,LOE@Mon19:19:00,LRIK@Mon19:56:00,9
492,LRIK@Mon19:56:00,BSPD@Mon20:07:00,9
493,BSPD@Mon20:07:00,BSPD@Mon20:09:00,9
494,BSPD@Mon20:09:00,BSPD@Mon20:37:00,9
495,BSPD@Mon20:37:00,BSPD@Mon20:39:00,9
496,BSPD@Mon20:39:00,BL@Mon20:48:00,9
497,BL@Mon20:48:00,sink_9,9
498,source_10,BLS@Mon12:32:00,10
499,BLS@Mon12:32:00,BCHB@Mon12:38:00,10
500,BCHB@Mon12:38:00,BSPD@Mon12:44:00,10
501,BSPD@Mon12:44:00,BSPD@Mon12:46:00,10
502,BSPD@Mon12:46:00,LRIK@Mon12:58:00,10
503,LRIK@Mon12:58:00,LOE@Mon13:33:00,10
504,LOE@Mon13:33:00,HWOB@Mon13:38:00,10
505,HWOB@Mon13:38:00,HWOB@Mon13:40:00,10
506,HWOB@Mon13:40:00,HBS@Mon13:56:00,10
507,HBS@Mon13:56:00,HBS@Mon13:57:00,10
508,HBS@Mon13:57:00,HBS@Mon13:58:00,10
509,HBS@Mon13:58:00,HGGL@Mon14:03:00,10
510,HGGL@Mon14:03:00,HHI@Mon14:23:00,10
511,HHI@Mon14:23:00,HHI@Mon14:25:00,10
512,HHI@Mon14:25:00,HSOR@Mon14:32:00,10
513,HSOR@Mon14:32:00,HAL@Mon14:37:00,10
514,HAL@Mon14:37:00,HORX@Mon14:42:00,10
515,HORX@Mon14:42:00,HG@Mon14:53:00,10
516,HG@Mon14:53:00,HG@Mon14:55:00,10
517,HG@Mon14:55:00,HJD@Mon15:02:00,10
518,HJD@Mon15:02:00,FKW@Mon15:14:00,10
519,FKW@Mon15:14:00,FKW@Mon15:16:00,10
520,FKW@Mon15:16:00,FKHM@Mon15:33:00,10
521,FKHM@Mon15:33:00,FFU@Mon15:45:00,10
522,FFU@Mon15:45:00,FFU@Mon15:47:00,10
523,FFU@Mon15:47:00,FFD@Mon15:57:00,10
524,FFD@Mon15:57:00,FFD@Mon15:59:00,10
525,FFD@Mon15:59:00,FFU@Mon16:09:00,10
526,FFU@Mon16:09:00,FFU@Mon16:11:00,10
527,FFU@Mon16:11:00,FKHM@Mon16:25:00,10
528,FKHM@Mon16:25:00,FKW@Mon16:41:00,10
529,FKW@Mon16:41:00,FKW@Mon16:43:00,10
530,FKW@Mon16:43:00,HJD@Mon16:57:00,10
531,HJD@Mon16:57:00,HG@Mon17:01:00,10
532,HG@Mon17:01:00,HG@Mon17:03:00,10
533,HG@Mon17:03:00,HORX@Mon17:15:00,10
534,HORX@Mon17:15:00,HAL@Mon17:21:00,10
535,HAL@Mon17:21:00,HSOR@Mon17:25:00,10
536,HSOR@Mon17:25:00,HHI@Mon17:32:00,10
537,HHI@Mon17:32:00,HHI@Mon17:34:00,10
538,HHI@Mon17:34:00,HGGL@Mon17:52:00,10
539,HGGL@Mon17:52:00,HBS@Mon17:57:00,10
540,HBS@Mon17:57:00,HBS@Mon17:58:00,10
541,HBS@Mon17:58:00,HBS@Mon17:59:00,10
542,HBS@Mon17:59:00,HWOB@Mon18:15:00,10
543,HWOB@Mon18:15:00,HWOB@Mon18:17:00,10
544,HWOB@Mon18:17:00,LOE@Mon18:23:00,10
545,LOE@Mon18:23:00,LRIK@Mon19:00:00,10
546,LRIK@Mon19:00:00,BSPD@Mon19:11:00,10
547,BSPD@Mon19:11:00,BSPD@Mon19:13:00,10
548,BSPD@Mon19:13:00,BCHB@Mon19:19:00,10
549,BCHB@Mon19:19:00,BLS@Mon19:26:00,10
550,BLS@Mon19:26:00,sink_10,10
551,source_11,EDO@Mon11:25:00,11
552,EDO@Mon11:25:00,EMSTG@Mon11:53:00,11
553,EMSTG@Mon11:53:00,EMSTP@Mon11:55:00,11
554,EMSTP@Mon11:55:00,EMSTP@Mon11:57:00,11
555,EMSTP@Mon11:57:00,EMSTP@Mon12:00:00,11
556,EMSTP@Mon12:00:00,EMSTP@Mon12:02:00,11
557,EMSTP@Mon12:02:00,EMSTG@Mon12:04:00,11
558,EMSTG@Mon12:04:00,EDO@Mon12:33:00,11
559,EDO@Mon12:33:00,EDO@Mon12:36:00,11
560,EDO@Mon12:36:00,EWIT@Mon12:45:00,11
561,EWIT@Mon12:45:00,EHG@Mon12:55:00,11
562,EHG@Mon12:55:00,EHG@Mon12:57:00,11
563,EHG@Mon12:57:00,KW@Mon13:12:00,11
564,KW@Mon13:12:00,KW@Mon13:14:00,11
565,KW@Mon13:14:00,KSO@Mon13:25:00,11
566,KSO@Mon13:25:00,KSO@Mon13:27:00,11
567,KSO@Mon13:27:00,KKDZ@Mon13:44:00,11
568,KKDZ@Mon13:44:00,KK@Mon13:46:00,11
569,KK@Mon13:46:00,KK@Mon13:53:00,11
570,KK@Mon13:53:00,KB@Mon14:12:00,11
571,KB@Mon14:12:00,KB@Mon14:14:00,11
572,KB@Mon14:14:00,KRE@Mon14:26:00,11
573,KRE@Mon14:26:00,KAND@Mon14:35:00,11
574,KAND@Mon14:35:00,KKO@Mon14:46:00,11
575,KKO@Mon14:46:00,KKO@Mon14:48:00,11
576,KKO@Mon14:48:00,KKO@Mon15:11:00,11
577,KKO@Mon15:11:00,KKO@Mon15:13:00,11
578,KKO@Mon15:13:00,KAND@Mon15:23:00,11
579,KAND@Mon15:23:00,KRE@Mon15:32:00,11
580,KRE@Mon15:32:00,KB@Mon15:43:00,11
581,KB@Mon15:43:00,KB@Mon15:45:00,11
582,KB@Mon15:45:00,KK@Mon16:05:00,11
583,KK@Mon16:05:00,KK@Mon16:10:00,11
584,KK@Mon16:10:00,KKDZ@Mon16:12:00,11
585,KKDZ@Mon16:12:00,KSO@Mon16:27:00,11
586,KSO@Mon16:27:00,KSO@Mon16:29:00,11
587,KSO@Mon16:29:00,KW@Mon16:41:00,11
588,KW@Mon16:41:00,KW@Mon16:43:00,11
589,KW@Mon16:43:00,EHG@Mon17:00:00,11
590,EHG@Mon17:00:00,EHG@Mon17:02:00,11
591,EHG@Mon17:02:00,EWIT@Mon17:13:00,11
592,EWIT@Mon17:13:00,EDO@Mon17:22:00,11
593,EDO@Mon17:22:00,EDO@Mon17:25:00,11
594,EDO@Mon17:25:00,sink_11,11
595,source_12,EDO@Mon11:25:00,12
596,EDO@Mon11:25:00,EMSTG@Mon11:53:00,12
597,EMSTG@Mon11:53:00,EMSTP@Mon11:55:00,12
598,EMSTP@Mon11:55:00,EMSTP@Mon11:57:00,12
599,EMSTP@Mon11:57:00,HOO@Mon12:21:00,12
600,HOO@Mon12:21:00,HOO@Mon12:23:00,12
601,HOO@Mon12:23:00,HGA@Mon13:08:00,12
602,HGA@Mon13:08:00,HB@Mon13:15:00,12
603,HB@Mon13:15:00,HB@Mon13:18:00,12
604,HB@Mon13:18:00,AROG@Mon13:36:00,12
605,AROG@Mon13:36:00,ABLZ@Mon13:51:00,12
606,ABLZ@Mon13:51:00,AHAR@Mon14:01:00,12
607,AHAR@Mon14:01:00,AHAR@Mon14:03:00,12
608,AHAR@Mon14:03:00,AH@Mon14:13:00,12
609,AH@Mon14:13:00,AH@Mon14:16:00,12
610,AH@Mon14:16:00,AH@Mon14:20:00,12
611,AH@Mon14:20:00,AH@Mon14:24:00,12
612,AH@Mon14:24:00,AHAR@Mon14:33:00,12
613,AHAR@Mon14:33:00,AMD@Mon14:35:00,12
614,AMD@Mon14:35:00,ALBG@Mon14:49:00,12
615,ALBG@Mon14:49:00,HU@Mon15:02:00,12
616,HU@Mon15:02:00,HU@Mon15:13:00,12
617,HU@Mon15:13:00,ALBG@Mon15:26:00,12
618,ALBG@Mon15:26:00,AMD@Mon15:39:00,12
619,AMD@Mon15:39:00,AHAR@Mon15:42:00,12
620,AHAR@Mon15:42:00,AHAR@Mon15:44:00,12
621,AHAR@Mon15:44:00,AHAR@Mon15:55:00,12
622,AHAR@Mon15:55:00,AHAR@Mon15:57:00,12
623,AHAR@Mon15:57:00,ABLZ@Mon16:07:00,12
624,ABLZ@Mon16:07:00,AROG@Mon16:22:00,12
625,AROG@Mon16:22:00,HB@Mon16:41:00,12
626,HB@Mon16:41:00,HB@Mon16:44:00,12
627,HB@Mon16:44:00,HGA@Mon16:50:00,12
628,HGA@Mon16:50:00,HOO@Mon17:35:00,12
629,HOO@Mon17:35:00,HOO@Mon17:37:00,12
630,HOO@Mon17:37:00,EMSTP@Mon18:00:00,12
631,EMSTP@Mon18:00:00,EMSTP@Mon18:02:00,12
632,EMSTP@Mon18:02:00,EMSTG@Mon18:04:00,12
633,EMSTG@Mon18:04:00,EDO@Mon18:33:00,12
634,EDO@Mon18:33:00,sink_12,12
635,source_13,KK@Mon13:46:00,13
636,KK@Mon13:46:00,KK@Mon13:53:00,13
637,KK@Mon13:53:00,KB@Mon14:12:00,13
638,KB@Mon14:12:00,KB@Mon14:14:00,13
639,KB@Mon14:14:00,KRE@Mon14:26:00,13
640,KRE@Mon14:26:00,KAND@Mon14:35:00,13
641,KAND@Mon14:35:00,KKO@Mon14:46:00,13
642,KKO@Mon14:46:00,KKO@Mon14:48:00,13
643,KKO@Mon14:48:00,KKO@Mon15:11:00,13
644,KKO@Mon15:11:00,KKO@Mon15:13:00,13
645,KKO@Mon15:13:00,KAND@Mon15:23:00,13
646,KAND@Mon15:23:00,KRE@Mon15:32:00,13
647,KRE@Mon15:32:00,KB@Mon15:43:00,13
648,KB@Mon15:43:00,KB@Mon15:45:00,13
649,KB@Mon15:45:00,KK@Mon16:05:00,13
650,KK@Mon16:05:00,KK@Mon16:10:00,13
651,KK@Mon16:10:00,KKDZ@Mon16:12:00,13
652,KKDZ@Mon16:12:00,KSO@Mon16:27:00,13
653,KSO@Mon16:27:00,KSO@Mon16:29:00,13
654,KSO@Mon16:29:00,KW@Mon16:41:00,13
655,KW@Mon16:41:00,KW@Mon16:43:00,13
656,KW@Mon16:43:00,EHG@Mon17:00:00,13
657,EHG@Mon17:00:00,EHG@Mon17:02:00,13
658,EHG@Mon17:02:00,EWIT@Mon17:13:00,13
659,EWIT@Mon17:13:00,EDO@Mon17:22:00,13
660,EDO@Mon17:22:00,EDO@Mon17:25:00,13
661,EDO@Mon17:25:00,EMSTG@Mon17:54:00,13
662,EMSTG@Mon17:54:00,EMSTP@Mon17:56:00,13
663,EMSTP@Mon17:56:00,EMSTP@Mon17:58:00,13
664,EMSTP@Mon17:58:00,EMSTP@Mon18:00:00,13
665,EMSTP@Mon18:00:00,EMSTP@Mon18:02:00,13
666,EMSTP@Mon18:02:00,EMSTG@Mon18:04:00,13
667,EMSTG@Mon18:04:00,EDO@Mon18:33:00,13
668,EDO@Mon18:33:00,EDO@Mon18:36:00,13
669,EDO@Mon18:36:00,EWIT@Mon18:45:00,13
670,EWIT@Mon18:45:00,EHG@Mon18:55:00,13
671,EHG@Mon18:55:00,EHG@Mon18:57:00,13
672,EHG@Mon18:57:00,KW@Mon19:12:00,13
673,KW@Mon19:12:00,KW@Mon19:14:00,13
674,KW@Mon19:14:00,KSO@Mon19:25:00,13
675,KSO@Mon19:25:00,KSO@Mon19:27:00,13
676,KSO@Mon19:27:00,KKDZ@Mon19:44:00,13
677,KKDZ@Mon19:44:00,KK@Mon19:46:00,13
678,KK@Mon19:46:00,sink_13,13
679,source_14,FMZ@Mon05:11:00,14
680,FMZ@Mon05:11:00,FMBP@Mon05:20:00,14
681,FMBP@Mon05:20:00,FFLF@Mon05:31:00,14
682,FFLF@Mon05:31:00,FFLF@Mon05:39:00,14
683,FFLF@Mon05:39:00,FFLF@Mon05:50:00,14
684,FFLF@Mon05:50:00,FFLF@Mon05:55:00,14
685,FFLF@Mon05:55:00,FGE@Mon06:07:00,14
686,FGE@Mon06:07:00,FLP@Mon06:18:00,14
687,FLP@Mon06:18:00,RM@Mon06:25:00,14
688,RM@Mon06:25:00,RM@Mon06:27:00,14
689,RM@Mon06:27:00,RM@Mon06:30:00,14
690,RM@Mon06:30:00,RM@Mon06:32:00,14
691,RM@Mon06:32:00,FLP@Mon06:40:00,14
692,FLP@Mon06:40:00,FGE@Mon06:50:00,14
693,FGE@Mon06:50:00,FMST@Mon07:06:00,14
694,FMST@Mon07:06:00,FF@Mon07:08:00,14
695,FF@Mon07:08:00,FF@Mon07:13:00,14
696,FF@Mon07:13:00,FMST@Mon07:15:00,14
697,FMST@Mon07:15:00,FFS@Mon07:17:00,14
698,FFS@Mon07:17:00,FFS@Mon07:30:00,14
699,FFS@Mon07:30:00,FMST@Mon07:34:00,14
700,FMST@Mon07:34:00,FF@Mon07:36:00,14
701,FF@Mon07:36:00,FF@Mon07:42:00,14
702,FF@Mon07:42:00,FGUR@Mon07:46:00,14
703,FGUR@Mon07:46:00,FNI@Mon07:48:00,14
704,FNI@Mon07:48:00,FFLF@Mon07:55:00,14
705,FFLF@Mon07:55:00,FFLF@Mon07:58:00,14
706,FFLF@Mon07:58:00,FMBP@Mon08:11:00,14
707,FMBP@Mon08:11:00,FMZ@Mon08:18:00,14
708,FMZ@Mon08:18:00,FMZ@Mon08:20:00,14
709,FMZ@Mon08:20:00,sink_14,14
710,source_15,FMZ@Mon21:43:00,15
711,FMZ@Mon21:43:00,FMBP@Mon21:50:00,15
712,FMBP@Mon21:50:00,FFLF@Mon22:00:00,15
713,FFLF@Mon22:00:00,FFLF@Mon22:02:00,15
714,FFLF@Mon22:02:00,FNI@Mon22:08:00,15
715,FNI@Mon22:08:00,FGUR@Mon22:10:00,15
716,FGUR@Mon22:10:00,FF@Mon22:13:00,15
717,FF@Mon22:13:00,FF@Mon22:18:00,15
718,FF@Mon22:18:00,FMST@Mon22:20:00,15
719,FMST@Mon22:20:00,FFS@Mon22:22:00,15
720,FFS@Mon22:22:00,FO@Mon22:25:00,15
721,FO@Mon22:25:00,FO@Mon22:37:00,15
722,FO@Mon22:37:00,FFS@Mon22:40:00,15
723,FFS@Mon22:40:00,FFS@Mon22:42:00,15
724,FFS@Mon22:42:00,FMST@Mon22:45:00,15
725,FMST@Mon22:45:00,FF@Mon22:48:00,15
726,FF@Mon22:48:00,FF@Mon23:00:00,15
727,FF@Mon23:00:00,FGUR@Mon23:03:00,15
728,FGUR@Mon23:03:00,FNI@Mon23:06:00,15
729,FNI@Mon23:06:00,FFLF@Mon23:12:00,15
730,FFLF@Mon23:12:00,FFLF@Mon23:13:00,15
731,FFLF@Mon23:13:00,FMBP@Mon23:23:00,15
732,FMBP@Mon23:23:00,FMZ@Mon23:29:00,15
733,FMZ@Mon23:29:00,FMZ@Mon23:31:00,15
734,FMZ@Mon23:31:00,sink_15,15
735,source_16,RDRM@Mon08:43:00,16
736,RDRM@Mon08:43:00,RK@Mon08:49:00,16
737,RK@Mon08:49:00,RK@Mon08:51:00,16
738,RK@Mon08:51:00,RGN@Mon09:00:00,16
739,RGN@Mon09:00:00,RSAB@Mon09:02:00,16
740,RSAB@Mon09:02:00,RP@Mon09:10:00,16
741,RP@Mon09:10:00,RM@Mon09:14:00,16
742,RM@Mon09:14:00,RM@Mon09:16:00,16
743,RM@Mon09:16:00,FLP@Mon09:24:00,16
744,FLP@Mon09:24:00,FGE@Mon09:34:00,16
745,FGE@Mon09:34:00,FGE@Mon09:35:00,16
746,FGE@Mon09:35:00,FLP@Mon09:47:00,16
747,FLP@Mon09:47:00,RM@Mon09:54:00,16
748,RM@Mon09:54:00,RM@Mon09:56:00,16
749,RM@Mon09:56:00,RP@Mon10:00:00,16
750,RP@Mon10:00:00,RM@Mon10:04:00,16
751,RM@Mon10:04:00,RM@Mon10:06:00,16
752,RM@Mon10:06:00,FLP@Mon10:13:00,16
753,FLP@Mon10:13:00,FGE@Mon10:24:00,16
754,FGE@Mon10:24:00,FLP@Mon10:36:00,16
755,FLP@Mon10:36:00,RM@Mon10:43:00,16
756,RM@Mon10:43:00,RM@Mon10:45:00,16
757,RM@Mon10:45:00,RP@Mon10:49:00,16
758,RP@Mon10:49:00,RSAB@Mon10:57:00,16
759,RSAB@Mon10:57:00,RGN@Mon10:59:00,16
760,RGN@Mon10:59:00,RGN@Mon11:00:00,16
761,RGN@Mon11:00:00,RSAB@Mon11:02:00,16
762,RSAB@Mon11:02:00,RP@Mon11:10:00,16
763,RP@Mon11:10:00,RM@Mon11:14:00,16
764,RM@Mon11:14:00,RM@Mon11:16:00,16
765,RM@Mon11:16:00,FLP@Mon11:24:00,16
766,FLP@Mon11:24:00,FGE@Mon11:34:00,16
767,FGE@Mon11:34:00,FGE@Mon11:35:00,16
768,FGE@Mon11:35:00,FLP@Mon11:47:00,16
769,FLP@Mon11:47:00,RM@Mon11:54:00,16
770,RM@Mon11:54:00,RM@Mon11:56:00,16
771,RM@Mon11:56:00,RP@Mon12:00:00,16
772,RP@Mon12:00:00,RM@Mon12:04:00,16
773,RM@Mon12:04:00,RM@Mon12:06:00,16
774,RM@Mon12:06:00,FLP@Mon12:13:00,16
775,FLP@Mon12:13:00,FGE@Mon12:24:00,16
776,FGE@Mon12:24:00,FLP@Mon12:36:00,16
777,FLP@Mon12:36:00,FLP@Mon12:40:00,16
778,FLP@Mon12:40:00,FGE@Mon12:50:00,16
779,FGE@Mon12:50:00,FMST@Mon13:06:00,16
780,FMST@Mon13:06:00,FF@Mon13:08:00,16
781,FF@Mon13:08:00,FF@Mon13:13:00,16
782,FF@Mon13:13:00,FMST@Mon13:15:00,16
783,FMST@Mon13:15:00,FFS@Mon13:17:00,16
784,FFS@Mon13:17:00,FO@Mon13:20:00,16
785,FO@Mon13:20:00,FHN@Mon13:27:00,16
786,FHN@Mon13:27:00,FHN@Mon13:29:00,16
787,FHN@Mon13:29:00,FWFG@Mon13:31:00,16
788,FWFG@Mon13:31:00,FHME@Mon13:38:00,16
789,FHME@Mon13:38:00,FWFG@Mon13:43:00,16
790,FWFG@Mon13:43:00,FHN@Mon13:45:00,16
791,FHN@Mon13:45:00,FO@Mon13:52:00,16
792,FO@Mon13:52:00,FFS@Mon13:55:00,16
793,FFS@Mon13:55:00,FMST@Mon13:58:00,16
794,FMST@Mon13:58:00,FF@Mon14:00:00,16
795,FF@Mon14:00:00,FF@Mon14:05:00,16
796,FF@Mon14:05:00,FGUR@Mon14:09:00,16
797,FGUR@Mon14:09:00,FNI@Mon14:11:00,16
798,FNI@Mon14:11:00,FGE@Mon14:24:00,16
799,FGE@Mon14:24:00,FLP@Mon14:36:00,16
800,FLP@Mon14:36:00,RM@Mon14:43:00,16
801,RM@Mon14:43:00,RM@Mon14:45:00,16
802,RM@Mon14:45:00,RP@Mon14:49:00,16
803,RP@Mon14:49:00,RSAB@Mon14:57:00,16
804,RSAB@Mon14:57:00,RGN@Mon14:59:00,16
805,RGN@Mon14:59:00,RK@Mon15:08:00,16
806,RK@Mon15:08:00,RK@Mon15:10:00,16
807,RK@Mon15:10:00,RDRM@Mon15:16:00,16
808,RDRM@Mon15:16:00,sink_16,16
809,source_17,HH@Mon15:41:00,17
810,HH@Mon15:41:00,HWU@Mon15:47:00,17
811,HWU@Mon15:47:00,HHML@Mon15:47:00,17
812,HHML@Mon15:47:00,HSOR@Mon15:54:00,17
813,HSOR@Mon15:54:00,HAL@Mon15:58:00,17
814,HAL@Mon15:58:00,HORX@Mon16:03:00,17
815,HORX@Mon16:03:00,HG@Mon16:15:00,17
816,HG@Mon16:15:00,HG@Mon16:17:00,17
817,HG@Mon16:17:00,HJD@Mon16:24:00,17
818,HJD@Mon16:24:00,FKW@Mon16:36:00,17
819,FKW@Mon16:36:00,FKW@Mon16:38:00,17
820,FKW@Mon16:38:00,FKHM@Mon16:56:00,17
821,FKHM@Mon16:56:00,FFU@Mon17:07:00,17
822,FFU@Mon17:07:00,FFU@Mon17:09:00,17
823,FFU@Mon17:09:00,FFU@Mon17:11:00,17
824,FFU@Mon17:11:00,FKHM@Mon17:25:00,17
825,FKHM@Mon17:25:00,FKW@Mon17:41:00,17
826,FKW@Mon17:41:00,FKW@Mon17:43:00,17
827,FKW@Mon17:43:00,HJD@Mon17:57:00,17
828,HJD@Mon17:57:00,HG@Mon18:01:00,17
829,HG@Mon18:01:00,HG@Mon18:02:00,17
830,HG@Mon18:02:00,HJD@Mon18:09:00,17
831,HJD@Mon18:09:00,FKW@Mon18:21:00,17
832,FKW@Mon18:21:00,FKW@Mon18:22:00,17
833,FKW@Mon18:22:00,FKW@Mon18:23:00,17
834,FKW@Mon18:23:00,FKHM@Mon18:41:00,17
835,FKHM@Mon18:41:00,FFU@Mon18:54:00,17
836,FFU@Mon18:54:00,FFU@Mon18:56:00,17
837,FFU@Mon18:56:00,NMOT@Mon19:08:00,17
838,NMOT@Mon19:08:00,NRB@Mon19:17:00,17
839,NRB@Mon19:17:00,NWH@Mon19:27:00,17
840,NWH@Mon19:27:00,NWH@Mon19:29:00,17
841,NWH@Mon19:29:00,NRB@Mon19:40:00,17
842,NRB@Mon19:40:00,NMOT@Mon19:50:00,17
843,NMOT@Mon19:50:00,FFU@Mon20:01:00,17
844,FFU@Mon20:01:00,FFU@Mon20:03:00,17
845,FFU@Mon20:03:00,FKHM@Mon20:16:00,17
846,FKHM@Mon20:16:00,FKW@Mon20:34:00,17
847,FKW@Mon20:34:00,FKW@Mon20:36:00,17
848,FKW@Mon20:36:00,HJD@Mon20:50:00,17
849,HJD@Mon20:50:00,HG@Mon20:54:00,17
850,HG@Mon20:54:00,HG@Mon20:55:00,17
851,HG@Mon20:55:00,HG@Mon20:56:00,17
852,HG@Mon20:56:00,HORX@Mon21:10:00,17
853,HORX@Mon21:10:00,HAL@Mon21:15:00,17
854,HAL@Mon21:15:00,HSOR@Mon21:19:00,17
855,HSOR@Mon21:19:00,HHML@Mon21:26:00,17
856,HHML@Mon21:26:00,HWU@Mon21:26:00,17
857,HWU@Mon21:26:00,HH@Mon21:32:00,17
858,HH@Mon21:32:00,sink_17,17
859,source_18,FFU@Mon13:04:00,18
860,FFU@Mon13:04:00,FKHM@Mon13:17:00,18
861,FKHM@Mon13:17:00,FKW@Mon13:34:00,18
862,FKW@Mon13:34:00,FKW@Mon13:36:00,18
863,FKW@Mon13:36:00,HJD@Mon13:50:00,18
864,HJD@Mon13:50:00,HG@Mon13:54:00,18
865,HG@Mon13:54:00,HG@Mon13:55:00,18
866,HG@Mon13:55:00,HJD@Mon14:02:00,18
867,HJD@Mon14:02:00,FKW@Mon14:14:00,18
868,FKW@Mon14:14:00,FKW@Mon14:16:00,18
869,FKW@Mon14:16:00,FKHM@Mon14:33:00,18
870,FKHM@Mon14:33:00,FFU@Mon14:45:00,18
871,FFU@Mon14:45:00,FFU@Mon14:47:00,18
872,FFU@Mon14:47:00,FFD@Mon14:57:00,18
873,FFD@Mon14:57:00,FFD@Mon14:59:00,18
874,FFD@Mon14:59:00,FFU@Mon15:09:00,18
875,FFU@Mon15:09:00,FFU@Mon15:11:00,18
876,FFU@Mon15:11:00,FKHM@Mon15:25:00,18
877,FKHM@Mon15:25:00,FKW@Mon15:41:00,18
878,FKW@Mon15:41:00,FKW@Mon15:43:00,18
879,FKW@Mon15:43:00,HJD@Mon15:57:00,18
880,HJD@Mon15:57:00,HG@Mon16:01:00,18
881,HG@Mon16:01:00,HG@Mon16:02:00,18
882,HG@Mon16:02:00,HG@Mon16:03:00,18
883,HG@Mon16:03:00,HORX@Mon16:15:00,18
884,HORX@Mon16:15:00,HAL@Mon16:21:00,18
885,HAL@Mon16:21:00,HSOR@Mon16:25:00,18
886,HSOR@Mon16:25:00,HHI@Mon16:32:00,18
887,HHI@Mon16:32:00,HHI@Mon16:34:00,18
888,HHI@Mon16:34:00,HGGL@Mon16:52:00,18
889,HGGL@Mon16:52:00,HBS@Mon16:57:00,18
890,HBS@Mon16:57:00,HBS@Mon16:58:00,18
891,HBS@Mon16:58:00,HBS@Mon16:59:00,18
892,HBS@Mon16:59:00,HWOB@Mon17:15:00,18
893,HWOB@Mon17:15:00,LOE@Mon17:19:00,18
894,LOE@Mon17:19:00,LOE@Mon17:33:00,18
895,LOE@Mon17:33:00,HWOB@Mon17:38:00,18
896,HWOB@Mon17:38:00,HWOB@Mon17:40:00,18
897,HWOB@Mon17:40:00,HBS@Mon17:56:00,18
898,HBS@Mon17:56:00,HBS@Mon17:57:00,18
899,HBS@Mon17:57:00,HBS@Mon17:58:00,18
900,HBS@Mon17:58:00,HGGL@Mon18:03:00,18
901,HGGL@Mon18:03:00,HHI@Mon18:23:00,18
902,HHI@Mon18:23:00,HHI@Mon18:25:00,18
903,HHI@Mon18:25:00,HSOR@Mon18:32:00,18
904,HSOR@Mon18:32:00,HAL@Mon18:37:00,18
905,HAL@Mon18:37:00,HORX@Mon18:42:00,18
906,HORX@Mon18:42:00,HG@Mon18:53:00,18
907,HG@Mon18:53:00,HG@Mon18:55:00,18
908,HG@Mon18:55:00,HJD@Mon19:02:00,18
909,HJD@Mon19:02:00,FKW@Mon19:14:00,18
910,FKW@Mon19:14:00,FKW@Mon19:16:00,18
911,FKW@Mon19:16:00,FKHM@Mon19:33:00,18
912,FKHM@Mon19:33:00,FFU@Mon19:45:00,18
913,FFU@Mon19:45:00,FFU@Mon19:47:00,18
914,FFU@Mon19:47:00,FFU@Mon19:53:00,18
915,FFU@Mon19:53:00,FKHM@Mon20:07:00,18
916,FKHM@Mon20:07:00,FKW@Mon20:23:00,18
917,FKW@Mon20:23:00,FKW@Mon20:25:00,18
918,FKW@Mon20:25:00,FKW@Mon20:27:00,18
919,FKW@Mon20:27:00,FKHM@Mon20:47:00,18
920,FKHM@Mon20:47:00,FFU@Mon20:58:00,18
921,FFU@Mon20:58:00,FFU@Mon21:00:00,18
922,FFU@Mon21:00:00,sink_18,18
923,source_19,HB@Mon07:17:00,19
924,HB@Mon07:17:00,AROG@Mon07:35:00,19
925,AROG@Mon07:35:00,ABLZ@Mon07:50:00,19
926,ABLZ@Mon07:50:00,AHAR@Mon08:00:00,19
927,AHAR@Mon08:00:00,AHAR@Mon08:02:00,19
928,AHAR@Mon08:02:00,AH@Mon08:12:00,19
929,AH@Mon08:12:00,AH@Mon08:15:00,19
930,AH@Mon08:15:00,AH@Mon08:20:00,19
931,AH@Mon08:20:00,AH@Mon08:24:00,19
932,AH@Mon08:24:00,AHAR@Mon08:32:00,19
933,AHAR@Mon08:32:00,AMD@Mon08:35:00,19
934,AMD@Mon08:35:00,ALBG@Mon08:49:00,19
935,ALBG@Mon08:49:00,ALBG@Mon09:10:00,19
936,ALBG@Mon09:10:00,AMD@Mon09:24:00,19
937,AMD@Mon09:24:00,AHAR@Mon09:26:00,19
938,AHAR@Mon09:26:00,AH@Mon09:35:00,19
939,AH@Mon09:35:00,AH@Mon09:38:00,19
940,AH@Mon09:38:00,AH@Mon09:43:00,19
941,AH@Mon09:43:00,AH@Mon09:46:00,19
942,AH@Mon09:46:00,AHAR@Mon09:55:00,19
943,AHAR@Mon09:55:00,AHAR@Mon09:57:00,19
944,AHAR@Mon09:57:00,ABLZ@Mon10:07:00,19
945,ABLZ@Mon10:07:00,AROG@Mon10:22:00,19
946,AROG@Mon10:22:00,HB@Mon10:41:00,19
947,HB@Mon10:41:00,HB@Mon10:44:00,19
948,HB@Mon10:44:00,HGA@Mon10:50:00,19
949,HGA@Mon10:50:00,HOO@Mon11:35:00,19
950,HOO@Mon11:35:00,HOO@Mon11:37:00,19
951,HOO@Mon11:37:00,HOO@Mon12:21:00,19
952,HOO@Mon12:21:00,HOO@Mon12:23:00,19
953,HOO@Mon12:23:00,HGA@Mon13:08:00,19
954,HGA@Mon13:08:00,HB@Mon13:15:00,19
955,HB@Mon13:15:00,sink_19,19
956,source_20,RDRM@Mon12:43:00,20
957,RDRM@Mon12:43:00,RK@Mon12:49:00,20
958,RK@Mon12:49:00,RK@Mon12:51:00,20
959,RK@Mon12:51:00,RGN@Mon13:00:00,20
960,RGN@Mon13:00:00,RSAB@Mon13:02:00,20
961,RSAB@Mon13:02:00,RP@Mon13:10:00,20
962,RP@Mon13:10:00,RM@Mon13:14:00,20
963,RM@Mon13:14:00,RM@Mon13:16:00,20
964,RM@Mon13:16:00,FLP@Mon13:24:00,20
965,FLP@Mon13:24:00,FGE@Mon13:34:00,20
966,FGE@Mon13:34:00,FMST@Mon13:51:00,20
967,FMST@Mon13:51:00,FMST@Mon13:52:00,20
968,FMST@Mon13:52:00,FGE@Mon14:08:00,20
969,FGE@Mon14:08:00,FLP@Mon14:19:00,20
970,FLP@Mon14:19:00,RM@Mon14:27:00,20
971,RM@Mon14:27:00,RM@Mon14:30:00,20
972,RM@Mon14:30:00,RM@Mon14:32:00,20
973,RM@Mon14:32:00,FLP@Mon14:40:00,20
974,FLP@Mon14:40:00,FGE@Mon14:50:00,20
975,FGE@Mon14:50:00,FMST@Mon15:06:00,20
976,FMST@Mon15:06:00,FF@Mon15:08:00,20
977,FF@Mon15:08:00,FF@Mon15:13:00,20
978,FF@Mon15:13:00,FMST@Mon15:15:00,20
979,FMST@Mon15:15:00,FFS@Mon15:17:00,20
980,FFS@Mon15:17:00,FO@Mon15:20:00,20
981,FO@Mon15:20:00,FHN@Mon15:27:00,20
982,FHN@Mon15:27:00,FHN@Mon15:29:00,20
983,FHN@Mon15:29:00,FWFG@Mon15:31:00,20
984,FWFG@Mon15:31:00,FHME@Mon15:38:00,20
985,FHME@Mon15:38:00,FWFG@Mon15:43:00,20
986,FWFG@Mon15:43:00,FHN@Mon15:45:00,20
987,FHN@Mon15:45:00,FO@Mon15:52:00,20
988,FO@Mon15:52:00,FFS@Mon15:55:00,20
989,FFS@Mon15:55:00,FMST@Mon15:58:00,20
990,FMST@Mon15:58:00,FF@Mon16:00:00,20
991,FF@Mon16:00:00,FF@Mon16:05:00,20
992,FF@Mon16:05:00,FGUR@Mon16:08:00,20
993,FGUR@Mon16:08:00,FNI@Mon16:10:00,20
994,FNI@Mon16:10:00,FGE@Mon16:24:00,20
995,FGE@Mon16:24:00,FLP@Mon16:36:00,20
996,FLP@Mon16:36:00,RM@Mon16:43:00,20
997,RM@Mon16:43:00,RM@Mon16:45:00,20
998,RM@Mon16:45:00,RP@Mon16:49:00,20
999,RP@Mon16:49:00,RSAB@Mon16:57:00,20
1000,RSAB@Mon16:57:00,RGN@Mon16:59:00,20
1001,RGN@Mon16:59:00,RGN@Mon17:00:00,20
1002,RGN@Mon17:00:00,RSAB@Mon17:02:00,20
1003,RSAB@Mon17:02:00,RP@Mon17:10:00,20
1004,RP@Mon17:10:00,RM@Mon17:14:00,20
1005,RM@Mon17:14:00,RM@Mon17:16:00,20
1006,RM@Mon17:16:00,FLP@Mon17:24:00,20
1007,FLP@Mon17:24:00,FGE@Mon17:34:00,20
1008,FGE@Mon17:34:00,FGE@Mon17:35:00,20
1009,FGE@Mon17:35:00,FLP@Mon17:47:00,20
1010,FLP@Mon17:47:00,RM@Mon17:54:00,20
1011,RM@Mon17:54:00,RM@Mon17:56:00,20
1012,RM@Mon17:56:00,RP@Mon18:00:00,20
1013,RP@Mon18:00:00,RM@Mon18:04:00,20
1014,RM@Mon18:04:00,RM@Mon18:06:00,20
1015,RM@Mon18:06:00,FLP@Mon18:13:00,20
1016,FLP@Mon18:13:00,FGE@Mon18:24:00,20
1017,FGE@Mon18:24:00,FLP@Mon18:36:00,20
1018,FLP@Mon18:36:00,RM@Mon18:43:00,20
1019,RM@Mon18:43:00,RM@Mon18:45:00,20
1020,RM@Mon18:45:00,RP@Mon18:49:00,20
1021,RP@Mon18:49:00,RSAB@Mon18:57:00,20
1022,RSAB@Mon18:57:00,RGN@Mon18:59:00,20
1023,RGN@Mon18:59:00,RK@Mon19:08:00,20
1024,RK@Mon19:08:00,RK@Mon19:10:00,20
1025,RK@Mon19:10:00,RDRM@Mon19:16:00,20
1026,RDRM@Mon19:16:00,sink_20,20
1027,source_21,HH@Mon08:41:00,21
1028,HH@Mon08:41:00,HWU@Mon08:47:00,21
1029,HWU@Mon08:47:00,HHML@Mon08:47:00,21
1030,HHML@Mon08:47:00,HSOR@Mon08:54:00,21
1031,HSOR@Mon08:54:00,HAL@Mon08:58:00,21
1032,HAL@Mon08:58:00,HORX@Mon09:03:00,21
1033,HORX@Mon09:03:00,HG@Mon09:15:00,21
1034,HG@Mon09:15:00,HG@Mon09:17:00,21
1035,HG@Mon09:17:00,HJD@Mon09:24:00,21
1036,HJD@Mon09:24:00,FKW@Mon09:36:00,21
1037,FKW@Mon09:36:00,HJD@Mon09:50:00,21
1038,HJD@Mon09:50:00,HG@Mon09:54:00,21
1039,HG@Mon09:54:00,HG@Mon09:55:00,21
1040,HG@Mon09:55:00,HG@Mon09:56:00,21
1041,HG@Mon09:56:00,HORX@Mon10:10:00,21
1042,HORX@Mon10:10:00,HAL@Mon10:15:00,21
1043,HAL@Mon10:15:00,HSOR@Mon10:19:00,21
1044,HSOR@Mon10:19:00,HHML@Mon10:26:00,21
1045,HHML@Mon10:26:00,HWU@Mon10:26:00,21
1046,HWU@Mon10:26:00,HH@Mon10:32:00,21
1047,HH@Mon10:32:00,HH@Mon10:36:00,21
1048,HH@Mon10:36:00,HH@Mon10:38:00,21
1049,HH@Mon10:38:00,HH@Mon10:41:00,21
1050,HH@Mon10:41:00,HWU@Mon10:47:00,21
1051,HWU@Mon10:47:00,HHML@Mon10:47:00,21
1052,HHML@Mon10:47:00,HSOR@Mon10:54:00,21
1053,HSOR@Mon10:54:00,HAL@Mon10:58:00,21
1054,HAL@Mon10:58:00,HORX@Mon11:03:00,21
1055,HORX@Mon11:03:00,HG@Mon11:15:00,21
1056,HG@Mon11:15:00,HG@Mon11:17:00,21
1057,HG@Mon11:17:00,HJD@Mon11:24:00,21
1058,HJD@Mon11:24:00,FKW@Mon11:36:00,21
1059,FKW@Mon11:36:00,HJD@Mon11:50:00,21
1060,HJD@Mon11:50:00,HG@Mon11:54:00,21
1061,HG@Mon11:54:00,HG@Mon11:55:00,21
1062,HG@Mon11:55:00,HJD@Mon12:02:00,21
1063,HJD@Mon12:02:00,FKW@Mon12:14:00,21
1064,FKW@Mon12:14:00,FKW@Mon12:16:00,21
1065,FKW@Mon12:16:00,FKHM@Mon12:33:00,21
1066,FKHM@Mon12:33:00,FFU@Mon12:45:00,21
1067,FFU@Mon12:45:00,FFU@Mon12:47:00,21
1068,FFU@Mon12:47:00,FFD@Mon12:57:00,21
1069,FFD@Mon12:57:00,FSA@Mon13:06:00,21
1070,FSA@Mon13:06:00,FHME@Mon13:19:00,21
1071,FHME@Mon13:19:00,FWFG@Mon13:25:00,21
1072,FWFG@Mon13:25:00,FHN@Mon13:27:00,21
1073,FHN@Mon13:27:00,FHN@Mon13:29:00,21
1074,FHN@Mon13:29:00,FWFG@Mon13:31:00,21
1075,FWFG@Mon13:31:00,FHME@Mon13:38:00,21
1076,FHME@Mon13:38:00,FSA@Mon13:50:00,21
1077,FSA@Mon13:50:00,FFD@Mon13:59:00,21
1078,FFD@Mon13:59:00,FFU@Mon14:09:00,21
1079,FFU@Mon14:09:00,FFU@Mon14:11:00,21
1080,FFU@Mon14:11:00,FKHM@Mon14:25:00,21
1081,FKHM@Mon14:25:00,FKW@Mon14:41:00,21
1082,FKW@Mon14:41:00,FKW@Mon14:43:00,21
1083,FKW@Mon14:43:00,HJD@Mon14:57:00,21
1084,HJD@Mon14:57:00,HG@Mon15:01:00,21
1085,HG@Mon15:01:00,HG@Mon15:03:00,21
1086,HG@Mon15:03:00,HORX@Mon15:15:00,21
1087,HORX@Mon15:15:00,HAL@Mon15:21:00,21
1088,HAL@Mon15:21:00,HSOR@Mon15:25:00,21
1089,HSOR@Mon15:25:00,HSOR@Mon15:32:00,21
1090,HSOR@Mon15:32:00,HAL@Mon15:37:00,21
1091,HAL@Mon15:37:00,HORX@Mon15:42:00,21
1092,HORX@Mon15:42:00,HG@Mon15:53:00,21
1093,HG@Mon15:53:00,HG@Mon15:54:00,21
1094,HG@Mon15:54:00,HG@Mon15:55:00,21
1095,HG@Mon15:55:00,HG@Mon15:56:00,21
1096,HG@Mon15:56:00,HORX@Mon16:10:00,21
1097,HORX@Mon16:10:00,HAL@Mon16:15:00,21
1098,HAL@Mon16:15:00,HSOR@Mon16:19:00,21
1099,HSOR@Mon16:19:00,HHML@Mon16:26:00,21
1100,HHML@Mon16:26:00,HWU@Mon16:26:00,21
1101,HWU@Mon16:26:00,HH@Mon16:32:00,21
1102,HH@Mon16:32:00,sink_21,21
1103,source_22,AK@Mon14:49:00,22
1104,AK@Mon14:49:00,AN@Mon15:05:00,22
1105,AN@Mon15:05:00,AN@Mon15:07:00,22
1106,AN@Mon15:07:00,AEL@Mon15:29:00,22
1107,AEL@Mon15:29:00,ADF@Mon15:53:00,22
1108,ADF@Mon15:53:00,ADF@Mon15:55:00,22
1109,ADF@Mon15:55:00,AH@Mon15:58:00,22
1110,AH@Mon15:58:00,AH@Mon16:01:00,22
1111,AH@Mon16:01:00,AHAR@Mon16:10:00,22
1112,AHAR@Mon16:10:00,AHAR@Mon16:12:00,22
1113,AHAR@Mon16:12:00,AMD@Mon16:15:00,22
1114,AMD@Mon16:15:00,AMD@Mon16:25:00,22
1115,AMD@Mon16:25:00,AHAR@Mon16:27:00,22
1116,AHAR@Mon16:27:00,AHAR@Mon16:33:00,22
1117,AHAR@Mon16:33:00,AMD@Mon16:35:00,22
1118,AMD@Mon16:35:00,ALBG@Mon16:48:00,22
1119,ALBG@Mon16:48:00,HU@Mon17:00:00,22
1120,HU@Mon17:00:00,HC@Mon17:21:00,22
1121,HC@Mon17:21:00,HH@Mon17:38:00,22
1122,HH@Mon17:38:00,HH@Mon17:41:00,22
1123,HH@Mon17:41:00,HWU@Mon17:47:00,22
1124,HWU@Mon17:47:00,HHML@Mon17:47:00,22
1125,HHML@Mon17:47:00,HSOR@Mon17:54:00,22
1126,HSOR@Mon17:54:00,HAL@Mon17:58:00,22
1127,HAL@Mon17:58:00,HAL@Mon18:01:00,22
1128,HAL@Mon18:01:00,HSOR@Mon18:05:00,22
1129,HSOR@Mon18:05:00,HHML@Mon18:11:00,22
1130,HHML@Mon18:11:00,HWU@Mon18:12:00,22
1131,HWU@Mon18:12:00,HH@Mon18:17:00,22
1132,HH@Mon18:17:00,HH@Mon18:20:00,22
1133,HH@Mon18:20:00,HC@Mon18:38:00,22
1134,HC@Mon18:38:00,HU@Mon18:57:00,22
1135,HU@Mon18:57:00,HU@Mon19:04:00,22
1136,HU@Mon19:04:00,HU@Mon19:13:00,22
1137,HU@Mon19:13:00,ALBG@Mon19:26:00,22
1138,ALBG@Mon19:26:00,AMD@Mon19:40:00,22
1139,AMD@Mon19:40:00,AHAR@Mon19:42:00,22
1140,AHAR@Mon19:42:00,AHAR@Mon19:44:00,22
1141,AHAR@Mon19:44:00,AH@Mon19:53:00,22
1142,AH@Mon19:53:00,AH@Mon19:56:00,22
1143,AH@Mon19:56:00,AH@Mon19:58:00,22
1144,AH@Mon19:58:00,AH@Mon20:01:00,22
1145,AH@Mon20:01:00,AHAR@Mon20:11:00,22
1146,AHAR@Mon20:11:00,AMD@Mon20:14:00,22
1147,AMD@Mon20:14:00,AMD@Mon20:28:00,22
1148,AMD@Mon20:28:00,AHAR@Mon20:30:00,22
1149,AHAR@Mon20:30:00,AH@Mon20:38:00,22
1150,AH@Mon20:38:00,AH@Mon20:41:00,22
1151,AH@Mon20:41:00,ADF@Mon20:44:00,22
1152,ADF@Mon20:44:00,ADF@Mon20:46:00,22
1153,ADF@Mon20:46:00,AEL@Mon21:07:00,22
1154,AEL@Mon21:07:00,AN@Mon21:27:00,22
1155,AN@Mon21:27:00,AN@Mon21:29:00,22
1156,AN@Mon21:29:00,AK@Mon21:47:00,22
1157,AK@Mon21:47:00,sink_22,22
1158,source_23,AK@Mon07:13:00,23
1159,AK@Mon07:13:00,AN@Mon07:30:00,23
1160,AN@Mon07:30:00,AN@Mon07:32:00,23
1161,AN@Mon07:32:00,AEL@Mon07:53:00,23
1162,AEL@Mon07:53:00,ADF@Mon08:13:00,23
1163,ADF@Mon08:13:00,ADF@Mon08:15:00,23
1164,ADF@Mon08:15:00,AH@Mon08:20:00,23
1165,AH@Mon08:20:00,AH@Mon08:24:00,23
1166,AH@Mon08:24:00,AHAR@Mon08:32:00,23
1167,AHAR@Mon08:32:00,AMD@Mon08:35:00,23
1168,AMD@Mon08:35:00,AMD@Mon08:40:00,23
1169,AMD@Mon08:40:00,AHAR@Mon08:42:00,23
1170,AHAR@Mon08:42:00,AHAR@Mon08:44:00,23
1171,AHAR@Mon08:44:00,AH@Mon08:54:00,23
1172,AH@Mon08:54:00,AH@Mon09:01:00,23
1173,AH@Mon09:01:00,AH@Mon09:06:00,23
1174,AH@Mon09:06:00,ABG@Mon09:16:00,23
1175,ABG@Mon09:16:00,ABCH@Mon09:26:00,23
1176,ABCH@Mon09:26:00,ABCH@Mon09:39:00,23
1177,ABCH@Mon09:39:00,ABG@Mon09:49:00,23
1178,ABG@Mon09:49:00,AH@Mon09:57:00,23
1179,AH@Mon09:57:00,AH@Mon09:58:00,23
1180,AH@Mon09:58:00,AH@Mon10:00:00,23
1181,AH@Mon10:00:00,AH@Mon10:01:00,23
1182,AH@Mon10:01:00,AHAR@Mon10:10:00,23
1183,AHAR@Mon10:10:00,AHAR@Mon10:12:00,23
1184,AHAR@Mon10:12:00,AMD@Mon10:16:00,23
1185,AMD@Mon10:16:00,ALBG@Mon10:29:00,23
1186,ALBG@Mon10:29:00,HU@Mon10:41:00,23
1187,HU@Mon10:41:00,HU@Mon10:58:00,23
1188,HU@Mon10:58:00,ALBG@Mon11:10:00,23
1189,ALBG@Mon11:10:00,AMD@Mon11:25:00,23
1190,AMD@Mon11:25:00,AHAR@Mon11:27:00,23
1191,AHAR@Mon11:27:00,AH@Mon11:35:00,23
1192,AH@Mon11:35:00,AH@Mon11:38:00,23
1193,AH@Mon11:38:00,ADF@Mon11:41:00,23
1194,ADF@Mon11:41:00,ADF@Mon11:43:00,23
1195,ADF@Mon11:43:00,AEL@Mon12:05:00,23
1196,AEL@Mon12:05:00,AN@Mon12:24:00,23
1197,AN@Mon12:24:00,AN@Mon12:26:00,23
1198,AN@Mon12:26:00,AK@Mon12:44:00,23
1199,AK@Mon12:44:00,sink_23,23
1200,source_24,BL@Mon15:24:00,24
1201,BL@Mon15:24:00,BSPD@Mon15:32:00,24
1202,BSPD@Mon15:32:00,WW@Mon16:08:00,24
1203,WW@Mon16:08:00,WW@Mon16:10:00,24
1204,WW@Mon16:10:00,WL@Mon16:26:00,24
1205,WL@Mon16:26:00,WL@Mon16:28:00,24
1206,WL@Mon16:28:00,WL@Mon16:46:00,24
1207,WL@Mon16:46:00,WW@Mon17:01:00,24
1208,WW@Mon17:01:00,BSPD@Mon17:37:00,24
1209,BSPD@Mon17:37:00,BSPD@Mon17:39:00,24
1210,BSPD@Mon17:39:00,BL@Mon17:48:00,24
1211,BL@Mon17:48:00,BL@Mon18:16:00,24
1212,BL@Mon18:16:00,BSPD@Mon18:25:00,24
1213,BSPD@Mon18:25:00,BSPD@Mon18:27:00,24
1214,BSPD@Mon18:27:00,WW@Mon19:04:00,24
1215,WW@Mon19:04:00,WL@Mon19:17:00,24
1216,WL@Mon19:17:00,WL@Mon19:46:00,24
1217,WL@Mon19:46:00,WW@Mon20:01:00,24
1218,WW@Mon20:01:00,BSPD@Mon20:37:00,24
1219,BSPD@Mon20:37:00,BSPD@Mon20:39:00,24
1220,BSPD@Mon20:39:00,BL@Mon20:48:00,24
1221,BL@Mon20:48:00,sink_24,24
1222,source_25,BLS@Mon04:32:00,25
1223,BLS@Mon04:32:00,BCHB@Mon04:38:00,25
1224,BCHB@Mon04:38:00,BSPD@Mon04:44:00,25
1225,BSPD@Mon04:44:00,BSPD@Mon04:46:00,25
1226,BSPD@Mon04:46:00,LRIK@Mon04:58:00,25
1227,LRIK@Mon04:58:00,LOE@Mon05:33:00,25
1228,LOE@Mon05:33:00,HWOB@Mon05:38:00,25
1229,HWOB@Mon05:38:00,HWOB@Mon05:40:00,25
1230,HWOB@Mon05:40:00,HBS@Mon05:56:00,25
1231,HBS@Mon05:56:00,HBS@Mon05:58:00,25
1232,HBS@Mon05:58:00,HGGL@Mon06:04:00,25
1233,HGGL@Mon06:04:00,HHI@Mon06:23:00,25
1234,HHI@Mon06:23:00,HHI@Mon06:25:00,25
1235,HHI@Mon06:25:00,HSOR@Mon06:32:00,25
1236,HSOR@Mon06:32:00,HAL@Mon06:37:00,25
1237,HAL@Mon06:37:00,HORX@Mon06:42:00,25
1238,HORX@Mon06:42:00,HG@Mon06:53:00,25
1239,HG@Mon06:53:00,HG@Mon06:54:00,25
1240,HG@Mon06:54:00,HG@Mon06:55:00,25
1241,HG@Mon06:55:00,HJD@Mon07:02:00,25
1242,HJD@Mon07:02:00,FKW@Mon07:14:00,25
1243,FKW@Mon07:14:00,FKW@Mon07:16:00,25
1244,FKW@Mon07:16:00,FKHM@Mon07:33:00,25
1245,FKHM@Mon07:33:00,FFU@Mon07:45:00,25
1246,FFU@Mon07:45:00,FFU@Mon07:47:00,25
1247,FFU@Mon07:47:00,FFD@Mon07:57:00,25
1248,FFD@Mon07:57:00,FFD@Mon07:59:00,25
1249,FFD@Mon07:59:00,FFU@Mon08:09:00,25
1250,FFU@Mon08:09:00,FFU@Mon08:11:00,25
1251,FFU@Mon08:11:00,FKHM@Mon08:25:00,25
1252,FKHM@Mon08:25:00,FKW@Mon08:41:00,25
1253,FKW@Mon08:41:00,FKW@Mon08:43:00,25
1254,FKW@Mon08:43:00,HJD@Mon08:57:00,25
1255,HJD@Mon08:57:00,HG@Mon09:01:00,25
1256,HG@Mon09:01:00,HG@Mon09:03:00,25
1257,HG@Mon09:03:00,HORX@Mon09:15:00,25
1258,HORX@Mon09:15:00,HAL@Mon09:21:00,25
1259,HAL@Mon09:21:00,HSOR@Mon09:25:00,25
1260,HSOR@Mon09:25:00,HHI@Mon09:32:00,25
1261,HHI@Mon09:32:00,HHI@Mon09:34:00,25
1262,HHI@Mon09:34:00,HGGL@Mon09:52:00,25
1263,HGGL@Mon09:52:00,HBS@Mon09:57:00,25
1264,HBS@Mon09:57:00,HBS@Mon09:58:00,25
1265,HBS@Mon09:58:00,HBS@Mon09:59:00,25
1266,HBS@Mon09:59:00,HWOB@Mon10:15:00,25
1267,HWOB@Mon10:15:00,HWOB@Mon10:17:00,25
1268,HWOB@Mon10:17:00,LOE@Mon10:23:00,25
1269,LOE@Mon10:23:00,LRIK@Mon11:00:00,25
1270,LRIK@Mon11:00:00,BSPD@Mon11:11:00,25
1271,BSPD@Mon11:11:00,BSPD@Mon11:13:00,25
1272,BSPD@Mon11:13:00,BCHB@Mon11:20:00,25
1273,BCHB@Mon11:20:00,BLS@Mon11:26:00,25
1274,BLS@Mon11:26:00,BLS@Mon11:30:00,25
1275,BLS@Mon11:30:00,sink_25,25
1276,source_26,EDO@Mon12:36:00,26
1277,EDO@Mon12:36:00,EWIT@Mon12:45:00,26
1278,EWIT@Mon12:45:00,EHG@Mon12:55:00,26
1279,EHG@Mon12:55:00,EHG@Mon12:57:00,26
1280,EHG@Mon12:57:00,KW@Mon13:12:00,26
1281,KW@Mon13:12:00,KW@Mon13:14:00,26
1282,KW@Mon13:14:00,KSO@Mon13:25:00,26
1283,KSO@Mon13:25:00,KSO@Mon13:27:00,26
1284,KSO@Mon13:27:00,KKDZ@Mon13:44:00,26
1285,KKDZ@Mon13:44:00,KK@Mon13:46:00,26
1286,KK@Mon13:46:00,KK@Mon13:53:00,26
1287,KK@Mon13:53:00,KB@Mon14:12:00,26
1288,KB@Mon14:12:00,KB@Mon14:14:00,26
1289,KB@Mon14:14:00,KRE@Mon14:26:00,26
1290,KRE@Mon14:26:00,KAND@Mon14:35:00,26
1291,KAND@Mon14:35:00,KKO@Mon14:46:00,26
1292,KKO@Mon14:46:00,KKO@Mon14:48:00,26
1293,KKO@Mon14:48:00,KKO@Mon15:11:00,26
1294,KKO@Mon15:11:00,KKO@Mon15:13:00,26
1295,KKO@Mon15:13:00,KAND@Mon15:23:00,26
1296,KAND@Mon15:23:00,KRE@Mon15:32:00,26
1297,KRE@Mon15:32:00,KB@Mon15:43:00,26
1298,KB@Mon15:43:00,KB@Mon15:45:00,26
1299,KB@Mon15:45:00,KK@Mon16:05:00,26
1300,KK@Mon16:05:00,KK@Mon16:10:00,26
1301,KK@Mon16:10:00,KKDZ@Mon16:12:00,26
1302,KKDZ@Mon16:12:00,KSO@Mon16:27:00,26
1303,KSO@Mon16:27:00,KSO@Mon16:29:00,26
1304,KSO@Mon16:29:00,KW@Mon16:41:00,26
1305,KW@Mon16:41:00,KW@Mon16:43:00,26
1306,KW@Mon16:43:00,EHG@Mon17:00:00,26
1307,EHG@Mon17:00:00,EHG@Mon17:02:00,26
1308,EHG@Mon17:02:00,EWIT@Mon17:13:00,26
1309,EWIT@Mon17:13:00,EDO@Mon17:22:00,26
1310,EDO@Mon17:22:00,EDO@Mon17:25:00,26
1311,EDO@Mon17:25:00,EMSTG@Mon17:54:00,26
1312,EMSTG@Mon17:54:00,EMSTP@Mon17:56:00,26
1313,EMSTP@Mon17:56:00,EMSTP@Mon17:58:00,26
1314,EMSTP@Mon17:58:00,EMSTP@Mon18:00:00,26
1315,EMSTP@Mon18:00:00,EMSTP@Mon18:02:00,26
1316,EMSTP@Mon18:02:00,EMSTG@Mon18:04:00,26
1317,EMSTG@Mon18:04:00,EDO@Mon18:33:00,26
1318,EDO@Mon18:33:00,sink_26,26
1319,source_27,EDO@Mon11:25:00,27
1320,EDO@Mon11:25:00,EMSTG@Mon11:53:00,27
1321,EMSTG@Mon11:53:00,EMSTP@Mon11:55:00,27
1322,EMSTP@Mon11:55:00,EMSTP@Mon11:57:00,27
1323,EMSTP@Mon11:57:00,HOO@Mon12:21:00,27
1324,HOO@Mon12:21:00,HOO@Mon12:23:00,27
1325,HOO@Mon12:23:00,HGA@Mon13:08:00,27
1326,HGA@Mon13:08:00,HB@Mon13:15:00,27
1327,HB@Mon13:15:00,HB@Mon13:18:00,27
1328,HB@Mon13:18:00,AROG@Mon13:36:00,27
1329,AROG@Mon13:36:00,ABLZ@Mon13:51:00,27
1330,ABLZ@Mon13:51:00,AHAR@Mon14:01:00,27
1331,AHAR@Mon14:01:00,AHAR@Mon14:03:00,27
1332,AHAR@Mon14:03:00,AH@Mon14:13:00,27
1333,AH@Mon14:13:00,AH@Mon14:16:00,27
1334,AH@Mon14:16:00,ADF@Mon14:19:00,27
1335,ADF@Mon14:19:00,ADF@Mon14:21:00,27
1336,ADF@Mon14:21:00,AA@Mon14:28:00,27
1337,AA@Mon14:28:00,AA@Mon14:50:00,27
1338,AA@Mon14:50:00,AA@Mon14:59:00,27
1339,AA@Mon14:59:00,AA@Mon15:00:00,27
1340,AA@Mon15:00:00,AA@Mon15:09:00,27
1341,AA@Mon15:09:00,ADF@Mon15:15:00,27
1342,ADF@Mon15:15:00,ADF@Mon15:17:00,27
1343,ADF@Mon15:17:00,AH@Mon15:21:00,27
1344,AH@Mon15:21:00,AH@Mon15:24:00,27
1345,AH@Mon15:24:00,AERI@Mon15:26:00,27
1346,AERI@Mon15:26:00,AHAR@Mon15:33:00,27
1347,AHAR@Mon15:33:00,AMD@Mon15:36:00,27
1348,AMD@Mon15:36:00,AMD@Mon15:39:00,27
1349,AMD@Mon15:39:00,AHAR@Mon15:42:00,27
1350,AHAR@Mon15:42:00,AHAR@Mon15:44:00,27
1351,AHAR@Mon15:44:00,AHAR@Mon15:55:00,27
1352,AHAR@Mon15:55:00,AHAR@Mon15:57:00,27
1353,AHAR@Mon15:57:00,ABLZ@Mon16:07:00,27
1354,ABLZ@Mon16:07:00,AROG@Mon16:22:00,27
1355,AROG@Mon16:22:00,HB@Mon16:41:00,27
1356,HB@Mon16:41:00,HB@Mon16:44:00,27
1357,HB@Mon16:44:00,HGA@Mon16:50:00,27
1358,HGA@Mon16:50:00,HOO@Mon17:35:00,27
1359,HOO@Mon17:35:00,HOO@Mon17:37:00,27
1360,HOO@Mon17:37:00,EMSTP@Mon18:00:00,27
1361,EMSTP@Mon18:00:00,EMSTP@Mon18:02:00,27
1362,EMSTP@Mon18:02:00,EMSTG@Mon18:04:00,27
1363,EMSTG@Mon18:04:00,EDO@Mon18:33:00,27
1364,EDO@Mon18:33:00,sink_27,27
1365,source_28,KK@Mon10:10:00,28
1366,KK@Mon10:10:00,KKDZ@Mon10:12:00,28
1367,KKDZ@Mon10:12:00,KSO@Mon10:27:00,28
1368,KSO@Mon10:27:00,KSO@Mon10:29:00,28
1369,KSO@Mon10:29:00,KW@Mon10:41:00,28
1370,KW@Mon10:41:00,KW@Mon10:43:00,28
1371,KW@Mon10:43:00,EHG@Mon11:00:00,28
1372,EHG@Mon11:00:00,EHG@Mon11:02:00,28
1373,EHG@Mon11:02:00,EWIT@Mon11:13:00,28
1374,EWIT@Mon11:13:00,EDO@Mon11:22:00,28
1375,EDO@Mon11:22:00,EDO@Mon11:25:00,28
1376,EDO@Mon11:25:00,EMSTG@Mon11:53:00,28
1377,EMSTG@Mon11:53:00,EMSTP@Mon11:55:00,28
1378,EMSTP@Mon11:55:00,EMSTP@Mon11:57:00,28
1379,EMSTP@Mon11:57:00,EMSTP@Mon12:00:00,28
1380,EMSTP@Mon12:00:00,EMSTP@Mon12:02:00,28
1381,EMSTP@Mon12:02:00,EMSTG@Mon12:04:00,28
1382,EMSTG@Mon12:04:00,EDO@Mon12:33:00,28
1383,EDO@Mon12:33:00,EDO@Mon12:36:00,28
1384,EDO@Mon12:36:00,EWIT@Mon12:45:00,28
1385,EWIT@Mon12:45:00,EHG@Mon12:55:00,28
1386,EHG@Mon12:55:00,EHG@Mon12:57:00,28
1387,EHG@Mon12:57:00,KW@Mon13:12:00,28
1388,KW@Mon13:12:00,KW@Mon13:14:00,28
1389,KW@Mon13:14:00,KSO@Mon13:25:00,28
1390,KSO@Mon13:25:00,KSO@Mon13:27:00,28
1391,KSO@Mon13:27:00,KKDZ@Mon13:44:00,28
1392,KKDZ@Mon13:44:00,KK@Mon13:46:00,28
1393,KK@Mon13:46:00,KK@Mon13:53:00,28
1394,KK@Mon13:53:00,KB@Mon14:12:00,28
1395,KB@Mon14:12:00,KB@Mon14:14:00,28
1396,KB@Mon14:14:00,KRE@Mon14:26:00,28
1397,KRE@Mon14:26:00,KAND@Mon14:35:00,28
1398,KAND@Mon14:35:00,KKO@Mon14:46:00,28
1399,KKO@Mon14:46:00,KKO@Mon14:48:00,28
1400,KKO@Mon14:48:00,KKO@Mon15:11:00,28
1401,KKO@Mon15:11:00,KKO@Mon15:13:00,28
1402,KKO@Mon15:13:00,KAND@Mon15:23:00,28
1403,KAND@Mon15:23:00,KRE@Mon15:32:00,28
1404,KRE@Mon15:32:00,KB@Mon15:43:00,28
1405,KB@Mon15:43:00,KB@Mon15:45:00,28
1406,KB@Mon15:45:00,KK@Mon16:05:00,28
1407,KK@Mon16:05:00,KK@Mon16:10:00,28
1408,KK@Mon16:10:00,sink_28,28
1409,source_29,FMZ@Mon21:41:00,29
1410,FMZ@Mon21:41:00,FMZ@Mon21:43:00,29
1411,FMZ@Mon21:43:00,FMBP@Mon21:50:00,29
1412,FMBP@Mon21:50:00,FFLF@Mon22:00:00,29
1413,FFLF@Mon22:00:00,FFLF@Mon22:02:00,29
1414,FFLF@Mon22:02:00,FNI@Mon22:08:00,29
1415,FNI@Mon22:08:00,FNI@Mon22:10:00,29
1416,FNI@Mon22:10:00,FGE@Mon22:24:00,29
1417,FGE@Mon22:24:00,FLP@Mon22:36:00,29
1418,FLP@Mon22:36:00,FLP@Mon22:40:00,29
1419,FLP@Mon22:40:00,FGE@Mon22:51:00,29
1420,FGE@Mon22:51:00,FFLF@Mon23:04:00,29
1421,FFLF@Mon23:04:00,FFLF@Mon23:12:00,29
1422,FFLF@Mon23:12:00,FFLF@Mon23:13:00,29
1423,FFLF@Mon23:13:00,FMBP@Mon23:23:00,29
1424,FMBP@Mon23:23:00,FMZ@Mon23:29:00,29
1425,FMZ@Mon23:29:00,sink_29,29
1426,source_30,FMZ@Mon14:20:00,30
1427,FMZ@Mon14:20:00,FMM@Mon14:23:00,30
1428,FMM@Mon14:23:00,FBGK@Mon14:36:00,30
1429,FBGK@Mon14:36:00,KBOP@Mon14:58:00,30
1430,KBOP@Mon14:58:00,KBOP@Mon14:59:00,30
1431,KBOP@Mon14:59:00,FBGK@Mon15:21:00,30
1432,FBGK@Mon15:21:00,FMM@Mon15:36:00,30
1433,FMM@Mon15:36:00,FMZ@Mon15:38:00,30
1434,FMZ@Mon15:38:00,FMZ@Mon15:40:00,30
1435,FMZ@Mon15:40:00,sink_30,30
